store,dept,store_type,actual_weekly_sales,forecast_weekly_sales,abs_forecast_error,wape,forecast_bias_pct
1,1,A,255428.03,252185.20849999998,6247.337421875003,0.024458307969861426,0.012695634913775932
1,2,A,595816.25,603951.495,16186.7728125,0.02716739063847285,-0.013653944798417297
1,3,A,284119.27,269591.682,47722.32898437501,0.16796582992901188,0.05113200649633864
1,4,A,484580.6599999999,483770.5719999999,15444.241875,0.031871354244719555,0.0016717334272069305
1,5,A,271004.83,270921.254,35280.874375,0.1301854080423585,0.00030839337346864367
1,6,A,39890.66,42008.05614,10045.540346679687,0.2518268774364647,-0.053080001043203144
1,7,A,243712.03999999998,229330.58,33229.27078125,0.13634644714824104,0.059010051049898885
1,8,A,492693.97,474795.237,22001.169218749987,0.0446548376038578,0.03632829465875133
1,9,A,440287.26,411761.037,37683.876484374996,0.08558929568930747,0.06479002569964208
1,10,A,383046.80000000005,398714.92000000004,19430.140468750003,0.05072523897536803,-0.04090393621614903
1,11,A,274415.29,284410.69,27717.261875,0.10100480142706335,-0.0364243603417652
1,12,A,136688.11,139247.699,14670.831992187503,0.10733071071205465,-0.01872575633818846
1,13,A,530069.3,522175.871,20571.465781250008,0.03880901191834729,0.014891314977588811
1,14,A,160787.64,166787.57099999997,12986.425703124998,0.0807675621280653,-0.03731586776508446
1,16,A,206891.93,198081.747,22195.199765624995,0.10727919530561195,0.04258349735112914
1,17,A,104961.33,104875.8797,6140.5837500000025,0.05850329592812898,0.0008141104651351201
1,18,A,52869.29,50094.498569999996,14713.763545532227,0.27830454211759276,0.05248399306260705
1,19,A,15055.079999999998,13974.36355,3361.0646923828126,0.22325120108181512,0.07178417348890707
1,20,A,49533.67999999999,50461.5255,6056.817148437498,0.12227674480146637,-0.0187316062651715
1,21,A,95040.93000000001,97630.92050000001,5863.307285156247,0.06169244435167298,-0.02725131593468467
1,22,A,93236.31000000001,93965.65280000001,9825.190078125,0.10537943938498852,-0.007822514037181458
1,23,A,256123.05,249043.93199999994,25509.395703125003,0.0995982036881296,0.02763952076697118
1,24,A,106790.46,94653.931,23298.473593749994,0.21816999003234927,0.11364805769518173
1,25,A,121211.12000000002,117589.6153,13058.62904296875,0.10773457949211877,0.029877665134240564
1,26,A,85732.93000000001,78646.04370000001,18305.0575,0.2135125616259703,0.08266236825511503
1,27,A,17464.2,16000.38706,2389.0128320312497,0.13679486217698203,0.08381791980388809
1,28,A,5823.08,5251.77141,880.2075122070311,0.1511584096744388,0.09811106436115531
1,29,A,50122.259999999995,48777.9227,3909.882041015625,0.07800689835246107,0.02682115499773702
1,30,A,35592.54,36227.69409999999,3281.767128906249,0.09220379126935727,-0.017845153392747476
1,31,A,38790.89,41897.9781,9583.463989257812,0.24705450143726562,-0.08009839808816097
1,32,A,75936.21,78674.0798,8508.160625,0.1120435247558444,-0.03605485580018413
1,33,A,97361.93000000002,88451.8032,18923.349785156246,0.19436087375379926,0.09151552104509685
1,34,A,130999.25,130668.9245,8337.0401953125,0.06364189257047273,0.002521580812962699
1,35,A,22661.519999999997,25412.828599999997,4080.1757470703124,0.1800486351785014,-0.1214088346832676
1,36,A,9293.42,9671.42349,3724.953603515625,0.40081623379935755,-0.040674318275642204
1,37,A,34695.700000000004,34987.5406,2518.13275390625,0.07257766103310352,-0.00841143217585322
1,38,A,992210.55,980327.956,60486.259062500016,0.06096111260105026,0.011975874538423324
1,40,A,759195.31,749790.4049999999,23972.539843749997,0.03157624859899358,0.012387984646203902
1,41,A,14864.009999999998,13893.156350000001,2484.324197998047,0.16713687611876252,0.06531573374092335
1,42,A,98013.24,100310.26479999999,6543.63587890625,0.06676277489557787,-0.023435865774039805
1,44,A,74273.81999999999,70546.24519999999,8171.665664062499,0.11002080765554403,0.05018692835258103
1,45,A,115.17,415.944223,436.0025674438477,3.7857303763466845,-2.611567435066268
1,46,A,231998.23,233227.938,10972.58257812501,0.04729597539655802,-0.005300512219963909
1,48,A,17559,13190.317289999999,10436.22787475586,0.5943520630306885,0.2488001928737355
1,49,A,140854.22,148498.55199999997,12587.994921875,0.08936895835903959,-0.05427122297968778
1,52,A,24774.310000000005,25347.962499999998,3851.9635253906254,0.15548217187040222,-0.02315514121218212
1,54,A,392.46,1216.615977,1004.6048348617554,2.5597636316102417,-2.099974461823606
1,55,A,121633.84,120099.79099999998,16767.43302734375,0.1378517115577684,0.012612020602932136
1,56,A,18760.13,19879.00805,4669.142075195312,0.24888644562672602,-0.05964127416177952
1,58,A,50930,47224.9335,21362.78662109375,0.4194538900666356,0.07274821139308855
1,59,A,2371.7499999999995,2395.857739,1343.8853771972654,0.5666218518803692,-0.010164531274704885
1,60,A,12339,11883.854319999999,1782.2015991210938,0.14443646965889406,0.036886756699730024
1,67,A,78637.09999999999,75635.9049,5804.10662109375,0.07380875720358139,0.038165130896787254
1,71,A,28920.730000000003,33081.9891,6413.605468749999,0.22176499240337288,-0.1438850007524879
1,72,A,561150.64,568985.148,88204.52906249999,0.1571851171059878,-0.013961506731062447
1,74,A,136903.15,142249.2575,10823.037304687503,0.07905615980850333,-0.03905029788622468
1,79,A,450671.64999999997,442239.12600000005,50656.0421875,0.11240121757714293,0.018711017211754978
1,80,A,253347.70999999996,250953.22400000005,8716.728671874993,0.034406186943134374,0.009451379649829884
1,81,A,396539.02999999997,392661.21400000004,9947.161249999997,0.025084948762798955,0.009779151263496053
1,82,A,258153.06000000006,257769.56,10629.821796875003,0.04117643152041274,0.0014855506772803607
1,83,A,77790.38,74544.7438,6977.789140625001,0.0896998978617279,0.04172284361350337
1,85,A,38040.61,37857.931899999996,4745.6196484375005,0.12475140773077772,0.004802180382852685
1,87,A,678009.99,687270.4729999999,43478.76312499999,0.06412702433042321,-0.013658333504053535
1,90,A,1152712.51,1194611.8590000002,49195.82687500003,0.04267831436565222,-0.03634848152641288
1,91,A,855159.62,871008.5020000001,36503.79078124999,0.042686522992339125,-0.018533246350254474
1,92,A,1867308.4100000001,1937077.7699999998,113849.69312499999,0.060969946108152526,-0.03736359524295184
1,93,A,994856.16,1007202.1979999997,49449.82625000002,0.049705503406643245,-0.01240987754953443
1,94,A,828257.1599999999,842088.4520000002,32882.50187499999,0.039700836241488076,-0.01669927384026478
1,95,A,1648030.4899999998,1671134.4799999997,75715.9696875,0.04594330635685023,-0.014019149950617722
1,96,A,463241,458236.03,30756.968281250003,0.06639517719988085,0.010804252335717277
1,97,A,485281.9500000001,483331.505,21738.632968750004,0.044795881999629285,0.004019201814017611
1,98,A,152657.14999999997,150325.024,5809.6557421875,0.03805688591846174,0.01527689688339198
2,1,A,366630.53,359120.77699999994,14470.040781249994,0.03946763730028155,0.020483162316706147
2,2,A,858395.75,864025.0630000001,24866.19718749998,0.028968220296407547,-0.00655794544649131
2,3,A,361800.55,357700.643,55105.396093749994,0.15230876817005942,0.01133196003986175
2,4,A,592690.69,585527.119,18454.22953125,0.031136358040734537,0.01208652173404309
2,5,A,327793.45999999996,316890.008,43632.43968750002,0.13310954918838228,0.03326317793985275
2,6,A,63470.09000000001,57813.73810000001,9766.178300781248,0.15387056014543615,0.08911838957580252
2,7,A,419496.29,393662.153,60783.898515625,0.14489734465977042,0.06158371414768649
2,8,A,778045.8299999998,758303.459,27089.978749999995,0.03481797306207528,0.0253743009746611
2,9,A,473620.16,442495.31999999995,51597.57265624999,0.10894293996321862,0.06571688923408583
2,10,A,484280.80999999994,494507.60000000003,22387.17343750001,0.04622766992873414,-0.021117482566571248
2,11,A,268268.91,263187.532,21233.579609374996,0.07915035554949322,0.01894135551106163
2,12,A,101890.25,98950.37040000001,8435.69353515625,0.08279196032158376,0.028853392689989956
2,13,A,603385.2000000002,589276.7180000001,15588.86968750001,0.025835684546952765,0.023382212971083813
2,14,A,230012.31,227782.95999999996,19197.801601562503,0.08346423546445189,0.009692307507639473
2,16,A,201368.02000000002,201421.0807,21241.995742187497,0.1054884273192312,-0.00026350288733781356
2,17,A,173353.83,172220.58800000002,10107.360898437497,0.05830480294803696,0.006537167860309172
2,18,A,99689.32999999999,89669.473264,15133.798829650877,0.15180961522813805,0.10051082454146919
2,19,A,47849.45,46727.7235,4812.1848828125,0.10056928309128946,0.02344282676577265
2,20,A,65181.280000000006,65505.1713,6486.382597656251,0.09951296749091534,-0.004969086012406466
2,21,A,108817.41000000002,110994.73229999999,7166.263203125001,0.06585585158776523,-0.02000894383823785
2,22,A,162807.96,152118.957,20368.29625,0.12510626783850126,0.06565405628047918
2,23,A,335514.31,326511.676,38079.066796875,0.11349461308185335,0.026832334709136544
2,24,A,127354.55999999998,119967.469,22690.17798828125,0.17816541463675312,0.058004140081684176
2,25,A,176498.71,176171.0575,16803.39390625,0.09520406073364503,0.001856406539033613
2,26,A,107361.11,107168.3359,18079.571093750004,0.16839962900672323,0.0017955669655427256
2,27,A,22184.009999999995,19455.54976,3927.042905273437,0.17702132776145693,0.12299220552924442
2,28,A,7284.43,5606.27239,1751.5017529296877,0.24044458563397378,0.2303759746655281
2,29,A,79097.08999999998,76600.44860000002,5108.794042968751,0.06458890008429832,0.031564274312667506
2,30,A,54093.99999999999,54908.8542,6544.585244140623,0.12098541879211418,-0.01506368056213488
2,31,A,62094.98999999999,59685.00469999999,12248.340146484374,0.19725166469121544,0.03881126901426548
2,32,A,114930.56,116512.1678,13901.04458984375,0.12095168238842437,-0.013761426525993164
2,33,A,98082.98,95705.30599999998,21747.290703125,0.2217233887380359,0.024241446980658627
2,34,A,207747.14,200555.606,18431.892265625,0.08872272448913135,0.034616767919163655
2,35,A,33827.770000000004,37867.1974,6531.78109375,0.19308931962556206,-0.11941157414825157
2,36,A,14516.28,14589.299909999998,3830.6192431640625,0.2638843590206349,-0.005030209306916967
2,37,A,57755.41,55443.8696,4832.6834082031255,0.08367499093510244,0.04002292798604277
2,38,A,897218.9,958158.78,76395.24874999998,0.08514672255566616,-0.06792086217755776
2,40,A,1020954.99,995049.96,29614.048124999987,0.029006223011848922,0.025373338813888334
2,41,A,34517.11,35098.2744,9287.107094726562,0.26905807278554206,-0.01683699869811846
2,42,A,113575.77999999998,110402.9281,7334.199667968747,0.06457538454033729,0.027935972125560142
2,44,A,112915.34000000001,103620.1238,9295.215976562498,0.08232022306767617,0.08232022306767617
2,45,A,53.82,173.33645099999998,173.3364486694336,3.220669800621211,-2.2206698006212116
2,46,A,358266.47,355178.882,13116.561249999995,0.03661118845422514,0.00861813048678543
2,48,A,27352,21682.00538,19431.431915283203,0.7104208802019305,0.20729725567978632
2,49,A,208293.11000000004,207016.64200000002,31800.896328124996,0.1526737794069376,0.006128226814007444
2,52,A,47912.159999999996,50107.605800000005,4520.810830078124,0.09435623086243919,-0.04582230717401647
2,54,A,294.76000000000005,551.770051,521.5401718139649,1.7693722751186212,-0.871929849434908
2,55,A,112274.23999999999,111128.3836,11633.786777343752,0.10361937678085154,0.010205873575441282
2,56,A,22302.99,22376.24896,7011.71139892578,0.3143843672496728,-0.0032847148477555175
2,58,A,299695,267141.63899999997,66675.5234375,0.222477930687866,0.10862164294115684
2,59,A,4608.56,3599.489954,1595.419956512451,0.3461862179319464,0.21895560689831423
2,60,A,4104,3259.14586,1820.4512901306152,0.44357974905716746,0.20586114087764748
2,67,A,124892.35999999999,121515.407,5365.5730859375,0.042961579763065576,0.02703890593017457
2,71,A,59499.310000000005,56959.8885,9163.29703125,0.15400677808280464,0.04267984499526129
2,72,A,858315.7300000001,835449.0739999999,148224.76203125002,0.17269258485015765,0.026641310396641596
2,74,A,210939.56,209833.15799999997,16926.869257812497,0.08024511503585434,0.005245117480274907
2,79,A,415450.27999999997,416894.56899999996,41471.225078125004,0.09982235438167236,-0.0034764503363073815
2,80,A,335938.65,336902.671,9796.139140624997,0.029160500408705565,-0.0028696308741938633
2,81,A,396115.69,389916.919,9081.470546875,0.022926308591500123,0.015648888025932523
2,82,A,327312.2899999999,308746.00899999996,18718.204296875007,0.05718759994277945,0.05672344363963543
2,83,A,74049.92000000001,71926.8438,6488.40958984375,0.08762210127767524,0.028670871781073495
2,85,A,36224.48999999999,35738.7828,3507.5351855468753,0.09682773133719415,0.01340825063418767
2,87,A,331179.66,317063.778,47539.945,0.14354729695658242,0.042623036258476736
2,90,A,1311288.39,1337190.238,33153.711562500015,0.02528331053285694,-0.019752967203881054
2,91,A,1061859.67,1069284.211,22310.41031250001,0.021010695615269023,-0.006992031783728986
2,92,A,2262972.97,2225116.6900000004,96667.86500000002,0.042717198252703835,0.01672856149934482
2,93,A,1000267.2600000001,979248.3520000002,30340.109062500007,0.030332002531503435,0.02101329242496651
2,94,A,943901.6900000001,940394.568,29919.0565625,0.031697216860052446,0.0037155561057423125
2,95,A,1940307.2000000004,1986237.1100000003,75235.00437500005,0.03877479008220968,-0.02367144652403496
2,96,A,472784.7100000001,456768.39300000004,25147.86828124999,0.05319095086905409,0.033876551271613646
2,97,A,547248.04,540283.463,15886.641874999994,0.02903005714739516,0.012726549121126135
2,98,A,172652.77000000002,169667.411,6761.2251953125015,0.03916082664247148,0.01729111480335647
3,1,B,111658.59999999999,102314.32880000002,11052.55580078125,0.09898526222593917,0.08368608765217145
3,2,B,249705.67,243606.78,10719.513984375,0.04292859663288783,0.024424318050627357
3,3,B,117270.8,116524.3951,17463.1176171875,0.148912752511175,0.006364794067981972
3,4,B,121972.68,120245.272,5901.884921875001,0.04838694141897187,0.014162241597872568
3,5,B,176691.92,163802.87399999998,28075.858828125005,0.1588972423194281,0.07294644233378075
3,6,B,21464.51,21555.3586,8294.625070800781,0.3864344012884888,-0.004232502001814523
3,7,B,118841.18000000001,115670.2991,16126.659394531249,0.13569925336092462,0.02668166609919009
3,8,B,109174.70000000001,107487.53470000002,4305.9401953125025,0.039440824616990035,0.015453816867025965
3,9,B,161620.40000000002,151890.202,27983.835585937497,0.17314544194877313,0.06020402035610913
3,10,B,170436.69,168596.266,10553.8466015625,0.06192238655633655,0.010798293205309844
3,11,B,105347.01999999999,98726.01120000001,16915.622734375003,0.16057049107203036,0.06284951636802352
3,12,B,34103.93,34116.535599999996,2205.0163769531246,0.06465578532893788,-0.00036961723738656243
3,13,B,160779.96,155863.3655,11729.770039062501,0.07295542329443609,0.030579667362229106
3,14,B,61670.14,59117.5642,7273.122138671874,0.1179358785089814,0.04139079754475789
3,16,B,67902.84000000001,69442.97239999998,7375.667148437498,0.10862089344771879,-0.022681410202706552
3,17,B,35493.159999999996,33509.6585,6528.957158203124,0.1839497288548871,0.05588405069411614
3,18,B,19908.09,23423.9212,7219.351068115236,0.3626340381279789,-0.17660315370643212
3,19,B,7351.58,8479.378149999999,2195.4752551269535,0.29863991891905595,-0.15340894655442058
3,20,B,25556.879999999997,24658.9503,3734.811010742187,0.1461372049617241,0.03513455799836237
3,21,B,17966.21,18454.5084,2550.3185107421878,0.14195083496976757,-0.02717871063800114
3,22,B,53387.08999999999,46536.2383,7276.964638671875,0.13630569934925985,0.1283241224537501
3,23,B,176174.66000000003,163127.07,18674.5034765625,0.10599994049406705,0.07406053010652892
3,24,B,48008.39,49947.04379999999,8349.895507812498,0.1739257556400558,-0.04038156549954081
3,25,B,59876.450000000004,59018.1316,5806.010791015626,0.09696651673597258,0.014334824596366758
3,26,B,32864.759999999995,33345.3739,6659.065927734376,0.20262025122758776,-0.014623993098915081
3,27,B,6061.449999999999,7067.650849999999,1630.2120812988283,0.2689475424690179,-0.16600003455012055
3,28,B,1459.5200000000002,2313.19523,992.4382061767577,0.6799757496826063,-0.5849013517781636
3,29,B,17314.74,17664.8256,1806.4557812499997,0.10433051730779669,-0.020218939677624368
3,30,B,18048.52,18313.202099999995,2777.2830224609374,0.1538787126291207,-0.014665026626404138
3,31,B,15535.09,16292.992270000002,4239.1185546875,0.2728737686545427,-0.04878646905167592
3,32,B,47698.16,47765.4867,15310.365292968749,0.3209844005087145,-0.0014115078679135566
3,33,B,51688.51000000001,50262.89389999999,6367.1945117187515,0.1231839438149552,0.027580915861426445
3,34,B,51650.94,51430.1481,4571.05080078125,0.08849888890272373,0.004274695693461735
3,35,B,9423.33,11771.69088,3032.9496337890623,0.32185539865303053,-0.24920710575756527
3,36,B,2619.34,3237.009765,2172.552915725708,0.8294276099039101,-0.23581122832130905
3,38,B,1137490.6800000002,1186771.776,79654.87031250002,0.0700268333737029,-0.043324393161181744
3,40,B,255235.05000000005,246167.69799999997,9771.034531249996,0.038282495022725106,0.03552549221296212
3,41,B,6770.41,7351.37646,2322.47988647461,0.3430338615349159,-0.08580964747501674
3,42,B,66004.15,62116.8803,16181.967148437501,0.24516590469595476,0.05889431407911472
3,44,B,33085.4,33362.232500000006,2554.6089843749996,0.07721257667657032,-0.008367207948974456
3,46,B,76456.33,77434.06169999999,4620.573066406249,0.06043414673979577,-0.012788097926702068
3,49,B,20.79,415.31848,394.52848144531254,18.97683893435847,-18.97683893435847
3,52,B,14196.51,14183.165900000002,1566.1784887695317,0.110321373969344,0.0009399525242581781
3,54,B,327.96,1694.055152,1366.0951643371582,4.165432261059758,-4.165432261059758
3,55,B,94015.91000000002,91652.7651,14281.20537109375,0.15190200649117525,0.025135584639676946
3,56,B,7867.29,8637.09171,4384.793114013672,0.5573447926813009,-0.09784840349820861
3,59,B,75.42,1274.283274,1198.8632679748534,15.895826942122161,-15.895826942122161
3,60,B,1818,2675.382415,1223.868797302246,0.6731951580320386,-0.47160748522667206
3,67,B,21666.359999999997,21706.494600000005,2232.902666015625,0.10305850479801985,-0.0018523937064763118
3,71,B,17463.82,17031.8014,3378.347758789062,0.19344838407570977,0.024737921508492276
3,72,B,356466.19000000006,347220.595,43967.949921875,0.12334395562696981,0.025936805666969417
3,74,B,47662.05,45430.405099999996,4367.3924316406265,0.0916324923422435,0.04682226154148059
3,79,B,94925.92,94219.2111,6606.12275390625,0.06959240167391846,0.007444843033586076
3,81,B,25269.17,24314.679200000002,1731.8871923828128,0.06853755752099547,0.03777294318933163
3,82,B,103168.54000000001,97113.2334,9631.792675781251,0.09335978463765457,0.058693339202835
3,85,B,6772.62,8039.47624,2674.7198999023435,0.39493134117997813,-0.18705556451184602
3,87,B,17632.899999999998,19711.7979,3955.857441406249,0.224345254689033,-0.11789881957608364
3,90,B,22928.83,28092.9643,5164.134111328125,0.22522449297797248,-0.22522449297797248
3,91,B,6020.42,7159.51605,1458.7777014160158,0.24230497231356216,-0.18920541802127955
3,92,B,122379.54,130390.817,8329.862890625001,0.06806581304869264,-0.06546254714023278
3,94,B,329.29999999999995,786.36032,457.0603210449219,1.387975466276714,-1.387975466276714
3,95,B,247024.84000000003,244317.589,7806.995703124998,0.03160409173071419,0.01095943270067496
3,96,B,55181.96000000001,52431.5823,4134.909726562499,0.0749322736372992,0.04984197677556213
3,97,B,6919.25,7668.226610000001,1478.4365747070312,0.2136700617418118,-0.10824534791128464
4,1,A,482170.5899999999,511683.963,32318.118281249994,0.06702631589630964,-0.061209396735499785
4,2,A,1282710.19,1337253.888,71767.7821875,0.05595011464553813,-0.042522238353388295
4,3,A,419968.2199999999,416067.64,46487.9830859375,0.11069404986390996,0.009287803502578112
4,4,A,767479.93,791471.268,31983.92265625001,0.041673953162853404,-0.03125989174889566
4,5,A,499097.05000000005,516800.583,59912.600156249995,0.12004198413164331,-0.035471121360565065
4,6,A,80870.18,74821.74299999999,14375.31986328125,0.17775798029979964,0.0747919359672348
4,7,A,577724.6100000001,573087.231,56924.12468749999,0.09853159048824314,0.008026979216793302
4,8,A,788085.2100000002,808169.8149999998,21866.391874999987,0.02774622794278804,-0.025485328309231926
4,9,A,499120.42000000004,511780.603,46613.618593750005,0.09339152782759319,-0.02536497636432105
4,10,A,504903.69000000006,530784.0660000001,36353.31234375,0.07200048853623946,-0.05125804568045442
4,11,A,297080.95,316497.574,47480.646484375,0.1598239351408261,-0.0653580317818258
4,12,A,100166.21,106607.2904,8741.53357421875,0.08727028380347775,-0.06430392571850078
4,13,A,987572.78,991467.786,31551.766562500008,0.03194880134555755,-0.003944022295247952
4,14,A,354114.72,360555.851,22823.008124999997,0.06445088790717313,-0.01818939230343207
4,16,A,156228.27000000002,178019.48599999998,25230.165624999998,0.16149551950488855,-0.13948318270518514
4,17,A,203904.74,205103.049,9294.143476562496,0.04558081129728763,-0.005876802332120873
4,18,A,130430.63,106495.15302,28079.51470092773,0.2152831332711322,0.18351116008504922
4,19,A,31630.06,34207.5821,4384.73640625,0.1386256114041516,-0.08148963458336786
4,20,A,121574.47999999998,123804.654,10304.247421875,0.08475666457199736,-0.018344082933770316
4,21,A,101243.14000000001,104581.3808,5871.575078124999,0.05799479429544558,-0.03297250443647343
4,22,A,247369.15000000002,242366.07800000004,20612.717890625,0.08332776294305494,0.02022511668037424
4,23,A,600595.34,638712.823,58418.292187499996,0.09726730844681546,-0.0634661606140667
4,24,A,163943.42,169429.09130000003,22747.4491796875,0.13875182779331735,-0.03346075627989523
4,25,A,194508.32,207950.03600000002,17660.681757812497,0.09079653640426537,-0.06910611422528096
4,26,A,257728.95999999996,251869.16999999998,24193.905390624994,0.09387344515193402,0.022736250043941503
4,27,A,33888.47,32665.4072,4980.752412109375,0.14697483870205336,0.03609083023158393
4,28,A,9236.13,9892.906270000001,1746.4905493164063,0.18909332689301758,-0.07110947020398763
4,29,A,128736.73999999999,128301.76950000001,9360.511953124997,0.07271049393611333,0.00337875938718038
4,30,A,84423.35999999999,94540.7962,11664.288847656253,0.13816423378145876,-0.1198416576899599
4,31,A,67447.69,71015.3644,17926.518974609375,0.2657840316637882,-0.05289541458559404
4,32,A,136631,149536.026,19280.2934375,0.14111214466336336,-0.09445166463412402
4,33,A,183399.04,185726.968,24534.971171874997,0.1337791690287746,-0.012693243923196124
4,34,A,350113.3300000001,345521.786,29686.561484375005,0.08479129167796895,0.013114458672210502
4,35,A,49369.299999999996,52229.37090000001,7695.655839843748,0.15587937928720377,-0.05793216848261473
4,36,A,27810.340000000004,28562.05921,11507.281997070311,0.4137771058200047,-0.02703020984899409
4,37,A,38095.82,40799.036499999995,7735.8539990234385,0.2030630656860369,-0.07095834280198755
4,38,A,978614.89,1035651.0210000002,79915.95343750002,0.08166231093980189,-0.05828251135387896
4,40,A,1061360.83,1064733.026,27184.562187499992,0.025612931454706115,-0.0031772356225921753
4,41,A,31123.68,30333.4534,7511.058212890624,0.24132937406150637,0.025389884192980248
4,42,A,131588.79,135586.7,12501.2750390625,0.09500258372360214,-0.03038184480085653
4,44,A,75222.01000000001,75914.6759,9221.844765625,0.1225950325659338,-0.009208285995681326
4,46,A,470838.8,505417.06899999996,34578.2703125,0.07343972143438476,-0.07343972143438476
4,48,A,46937,41785.24650000001,25474.511840820312,0.5427383906261651,0.10975889587954998
4,49,A,89254.6,90453.844,16065.390234375,0.17999509531581565,-0.013436212251245309
4,52,A,40607.37,46813.671,7536.609912109376,0.18559709511129077,-0.1528368161389946
4,54,A,448.0400000000001,3033.5380280000004,2632.8121784210207,5.876288229669271,-5.770685772503733
4,55,A,173365.02999999997,182542.39049999998,12436.103828124998,0.07173363525576641,-0.0529366197547164
4,56,A,12468.83,18127.951900000004,5893.135947265626,0.47262942451421874,-0.45386150138360015
4,58,A,43670,54551.06679999999,19747.25048828125,0.4521925919001889,-0.249165717758902
4,59,A,5550.89,7025.40493,1857.9940197753908,0.3347200214335702,-0.2656357697133506
4,60,A,4446,5794.30214,1923.2200775146484,0.4325731168498984,-0.30326183969460785
4,67,A,136754.84000000003,138905.095,7591.287617187501,0.055510193402935504,-0.01572342687514751
4,71,A,97149.29000000001,103832.57820000002,15859.76880859375,0.1632515153594406,-0.06879400367497536
4,72,A,1269196.54,1269412.76,160269.708125,0.12627650885732797,-0.00017036417779708602
4,74,A,262091.54,283830.586,23825.484453125002,0.09090520225538375,-0.08294448531465382
4,79,A,711117.1799999999,718041.5250000001,24085.6728125,0.03387018833168959,-0.009737274857429264
4,80,A,259623.94000000003,283928.957,27098.296875,0.10437518541240841,-0.09361623982460937
4,81,A,434117.78,448980.70200000005,16327.450468750005,0.03761064674372472,-0.034237066306636886
4,82,A,409138.93000000005,424050.631,19987.479140625004,0.0488525478145651,-0.03644654606535485
4,83,A,128837.54999999999,124304.15,8743.924921875,0.06786782985142918,0.03518695879035264
4,85,A,29555.76,33562.202099999995,6195.066484375,0.20960606272263005,-0.13555537561671566
4,87,A,226131.52000000002,220043.40300000002,16924.813593749997,0.07484499990868144,0.02692290599846494
4,90,A,1238274.4100000001,1308387.0180000002,70112.61343749998,0.056621224561605836,-0.056621224561605836
4,91,A,893829.8300000001,930324.506,43462.74281250001,0.04862529908237679,-0.04082955903642196
4,92,A,2245343.88,2300491.92,90068.73687500003,0.040113560188829535,-0.02456105326058119
4,93,A,993318.4699999999,1013715.3209999999,42642.29062500001,0.04292912284717711,-0.02053405704315557
4,94,A,958679.34,984032.5300000001,38801.10750000001,0.04047349919942993,-0.026445955589279733
4,95,A,2079086.3699999999,2146064.2399999998,102378.26249999998,0.049241947798445714,-0.03221505415381083
4,96,A,581748.45,603262.048,29002.83453125001,0.049854597001934446,-0.03698093356544396
4,97,A,554456.7,567696.8019999999,15712.058281250007,0.028337755285940288,-0.02387941345329582
4,98,A,202421.19,198220.2395,8980.497460937499,0.04436540196674814,0.020753512723581453
5,1,B,133704.78999999998,127911.639,7118.083789062497,0.053237313256035916,0.04332791930313415
5,2,B,162324.16000000003,163554.49599999998,7931.649374999997,0.048863024302728535,-0.00757950075792784
5,3,B,81112.12000000001,79388.96119999999,18558.03762695312,0.2287948783357298,0.021244159545569467
5,4,B,131720.66,130431.9235,5206.4994531249995,0.03952682482098859,0.009783857535142888
5,5,B,69934.54,72670.75210000001,9687.5501171875,0.1385231120014159,-0.039125343924296924
5,6,B,7667.57,7464.04958,2484.567618408203,0.32403585730657863,0.026543012836602316
5,7,B,65425.35999999999,61547.615000000005,9764.741494140624,0.14925009956598825,0.05926975426295897
5,8,B,188351.39,182837.753,8261.671953125002,0.0438630792856108,0.029273137266202297
5,9,B,135211.77000000002,122484.1654,24576.440996093756,0.1817625861720008,0.09413089165725917
5,10,B,129412.54000000001,131902.29,15088.3813671875,0.11659133934924311,-0.019238862316298733
5,11,B,87761.76,87177.1847,9426.397031249999,0.10740893335833282,0.006660935579317236
5,12,B,35863.31999999999,34075.0386,4082.8001953125,0.11384334175733035,0.049863800277867486
5,13,B,149278.68999999997,146938.19,7286.033320312496,0.04880826138220061,0.015678725277616656
5,14,B,39207.909999999996,38440.53859999999,5491.983154296875,0.1400733462787707,0.019571858584705875
5,16,B,72350.19,68387.46740000001,10495.597080078129,0.14506661392427758,0.054771417610694956
5,17,B,32719.489999999998,31340.574800000002,3875.878232421874,0.11845778257613045,0.042143537348171514
5,18,B,11104.67,12770.587469999999,4467.087771606445,0.40227109599893063,-0.150019533908035
5,19,B,82.20000000000002,640.3981200000001,558.1981246948242,6.790731443975962,-6.790731443975962
5,20,B,14740.319999999998,14490.437569999998,4139.358032226562,0.2808187361079381,0.016952303473037736
5,21,B,15005.41,14893.3242,1715.3425708007812,0.11431494179771037,0.007469695415530577
5,22,B,30876.2,27619.017900000003,4687.737177734375,0.15182364338015608,0.10549168686156328
5,23,B,74045.04,71902.83579999999,7720.020214843749,0.10426113909647088,0.028931101270000655
5,24,B,21635.219999999998,21497.57566,7923.416623535156,0.3662276890891406,0.006362051203611799
5,25,B,35791.65,34697.4974,3918.205146484375,0.10947260454559582,0.03057005434359341
5,26,B,19719.300000000003,20431.298,3589.7147802734376,0.18204067995686649,-0.036106655592886755
5,27,B,5017.37,4790.00794,1209.556846923828,0.2410738787300574,0.04531499489718031
5,28,B,1974.0499999999997,1955.489006,1135.7609726715089,0.5753455954365436,0.009402495309069264
5,29,B,13162.000000000002,13511.647790000003,1998.0382836914057,0.15180354685392838,-0.02656493268826688
5,30,B,10789.82,10344.69971,2480.3541589355473,0.22987910446472207,0.04125372457104674
5,31,B,11617.489999999998,11688.33121,2776.123173828125,0.23896066825348034,-0.006097814487305367
5,32,B,27507.01,27092.421199999997,5876.027739257813,0.2136192824759148,0.015072111994417497
5,33,B,24345.92,23668.9423,5975.661918945312,0.24544818675758864,0.027806619723461396
5,34,B,40202.53,39332.5527,4700.711874999999,0.11692577245760402,0.02163986360124596
5,35,B,7868.269999999999,8782.4354,3095.2395202636726,0.39338247419873407,-0.11618377778748738
5,36,B,3648.8399999999992,4024.0872549999995,2217.3101190185544,0.6076753486090251,-0.10284016167664975
5,38,B,747220.0000000001,758483.5889999999,55043.68734374999,0.07366463336600998,-0.015073994062993494
5,40,B,260983.8,251185.54700000002,11798.486406250006,0.045207734756908306,0.0375435300007127
5,41,B,15813.839999999998,13577.62083,3249.4905065917974,0.205483962566448,0.1414089885741254
5,42,B,36813.29,36708.8664,3710.604619140625,0.10079524593266792,0.002836571926113503
5,44,B,18225.29,17742.36346,4106.471291503906,0.2253171988760621,0.026497605011746406
5,46,B,57879.439999999995,57936.24999999999,3683.880625000001,0.06364748216292351,-0.0009815229725788474
5,49,B,116.97,670.6988613999999,672.4747288513183,5.749121388828916,-4.733939228969383
5,52,B,4671.2,4707.64999,1038.6061334228516,0.2223424673366269,-0.007803136058244885
5,54,B,134.44,189.1368814,188.88274002075195,1.404959387241535,-0.4068497677921929
5,55,B,37121.78,34766.72120000001,4321.992998046875,0.11642741802916981,0.06344142345687963
5,56,B,6939.86,6411.181048,4781.656960983276,0.6890134615083411,0.07618006679339236
5,58,B,9120,6489.46235,6056.120269775391,0.66404827519467,0.28843614344011276
5,59,B,16.09,244.138044,238.58804244995116,14.82834322249541,-14.173277964571236
5,60,B,3114,3267.1637,1318.4748458862305,0.4234023268741909,-0.049185518278245674
5,67,B,34111.350000000006,32361.590099999998,3751.0616894531254,0.10996520775205686,0.051295533953050074
5,71,B,4893.4800000000005,4975.69938,1936.9087695312498,0.3958141791794898,-0.016801826482476433
5,72,B,133616.02000000002,144501.1926,25233.089140625,0.1888477829277133,-0.08146607988604211
5,74,B,39859.189999999995,40877.3675,3556.4315820312504,0.08922488344673464,-0.025544364443463367
5,79,B,67547.37999999999,65915.68400000001,4214.6708398437495,0.06239577078850061,0.02415631691367969
5,81,B,38623.090000000004,36488.2313,2342.6072265625,0.06065302456542186,0.05527415218946749
5,82,B,52888.45999999999,51533.0491,6071.358017578126,0.1147955152707817,0.02562771613038318
5,85,B,7842.300000000001,8326.2412,2553.232879638672,0.3255719469592685,-0.06170908794867856
5,87,B,143578.81000000003,149554.63900000002,16526.4642578125,0.11510378347482121,-0.04162055423385595
5,90,B,42605.71,46603.496600000006,3997.7865820312495,0.09383217841062265,-0.09383217841062265
5,91,B,20625.100000000006,21080.7178,2178.8166308593754,0.10563908203399619,-0.022090451606901283
5,92,B,113986.21,122989.2785,9528.4655859375,0.08359314329283779,-0.07898383778452236
5,94,B,907.56,1476.111553,1300.7193657302855,1.4332048192188787,-0.62646166891276
5,95,B,276069.82,281361.7409999999,11560.146249999998,0.041873994955334115,-0.019168781967909422
5,96,B,104306.63000000002,92843.96720000001,11462.662714843753,0.10989390333906628,0.10989390333906628
5,97,B,8588.15,8489.614800000001,1464.0738989257816,0.17047605117816778,0.011473389830300352
6,1,A,265475.04,273731.971,11299.341874999995,0.04256272783686178,-0.03110248201205656
6,2,A,657891.35,668501.384,17429.1396875,0.02649242870802299,-0.016127332898509764
6,3,A,341669.4600000001,329944.97500000003,50137.661992187495,0.14674317684755167,0.034315277873935526
6,4,A,440143.76000000007,442749.898,8955.05281250001,0.020345745245826063,-0.005921107316164174
6,5,A,358947.47000000003,364260.944,42043.95476562501,0.11713121913249591,-0.014802927457254391
6,6,A,67150.39,65175.8068,15948.0378125,0.23749732224191103,0.029405389296696564
6,7,A,314698.74,324845.106,35162.45023437499,0.11173368611000792,-0.03224152540895143
6,8,A,627693.2999999999,621306.6319999999,15166.673281249998,0.024162554039130257,0.010174827569053213
6,9,A,714936.12,677631.4830000001,62441.099687500006,0.08733801236325842,0.05217897736793604
6,10,A,619840.24,641210.212,27710.023281249996,0.04470510543370013,-0.03447658519838919
6,11,A,240143.74999999994,250081.864,20860.819765625,0.08686805201311718,-0.04138402616922158
6,12,A,78578.69,83309.9382,7091.15345703125,0.0902427039319598,-0.06021031895901103
6,13,A,487915.48000000004,487961.82499999995,17307.798125,0.0354729432339388,-0.00009499211830705612
6,14,A,285039.23000000004,283103.618,15080.534765624998,0.05290687448750474,0.006790682318974126
6,16,A,230823.44,242134.66299999994,24010.0345703125,0.10401904837009837,-0.049003788722399695
6,17,A,200361.11999999997,197198.51200000002,14365.54328125,0.07169825803154825,0.015784540839310537
6,18,A,104498.01,91737.65195999999,20670.860466308593,0.19781104411757308,0.12211102100267417
6,19,A,40362.74999999999,38021.812699999995,5235.342216796874,0.12970727259160675,0.057997466868817786
6,20,A,105720.29999999999,109368.11429999999,8921.241875000002,0.08438532500380724,-0.03450438806749981
6,21,A,101321.18000000001,102066.224,6637.372773437502,0.06550824589130823,-0.007353295820034851
6,22,A,222113.56999999998,219701.48900000003,17128.0151171875,0.07711377164928511,0.01085967301406885
6,23,A,355486.61999999994,338452.613,30488.019374999996,0.0857641825591073,0.04791743418852163
6,24,A,95306.32999999999,91115.55810000001,17415.118769531247,0.1827278289860836,0.043971600779625565
6,25,A,147352.43999999997,145968.0135,9011.260585937502,0.06115447145590194,0.009395346997223126
6,26,A,113237.87,109182.1059,18073.710996093752,0.15960836243293655,0.03581631362728961
6,27,A,19769.85,18699.043,2978.7577197265623,0.1506717410464198,0.054163633471153674
6,28,A,5930.74,4948.131179999999,1939.20447265625,0.3269751283408563,0.16568064616712563
6,29,A,76042.79000000001,78451.2725,5600.494902343749,0.07364925593003294,-0.03167273253938669
6,30,A,55988.95,58101.67509999999,6485.762050781251,0.11584003719986267,-0.03773467451501589
6,31,A,54971.18999999999,54416.18119999999,6535.485244140626,0.11888928080582988,0.010096345289857728
6,32,A,115011.77,120092.31179999998,15888.164785156252,0.1381438159342844,-0.044174096574257124
6,33,A,102166.37000000001,94326.96300000002,19018.263828125,0.18614994178735134,0.07673178645710421
6,34,A,203316.31999999995,199372.112,17611.0041796875,0.08661874354054562,0.01939936595012393
6,35,A,34754.1,36549.505999999994,6048.345937499998,0.17403258716237793,-0.05166026049804199
6,36,A,17748.4,20767.488699999994,6410.036215820312,0.3611613562811471,-0.1701048415367723
6,37,A,51722.52,51545.320499999994,4112.195605468751,0.07950493528677162,0.0034259677892724393
6,38,A,907953.7400000001,945001.2589999998,73427.33000000002,0.08087122368150607,-0.040803301278322844
6,40,A,850549.96,855016.621,23052.10328124999,0.02710258581547637,-0.00525149762366692
6,41,A,51838.450000000004,45529.4989,10871.374936523438,0.209716435127274,0.12170408919968548
6,42,A,125735.76999999999,123471.65199999997,5220.135468750001,0.041516709753716075,0.018006949464340966
6,44,A,114084.68,109558.96399999999,6200.18669921875,0.054347233118581306,0.039669793039093876
6,46,A,292809.19,311298.16900000005,19096.219062500008,0.06521728044977006,-0.06314343470145184
6,48,A,42148,36807.030999999995,17200.981567382812,0.40810908150761155,0.1267193905302817
6,49,A,161897.7,168179.4845,21647.979882812502,0.13371394332848768,-0.0388009428079429
6,52,A,52301.72,52967.9465,5152.465712890626,0.09851426899326877,-0.012738138118653175
6,54,A,881.8,1254.0896100000002,996.4801409912109,1.1300523259142787,-0.4221928129933757
6,55,A,124100.27,133460.446,10507.695664062498,0.08467101372190808,-0.07542430237309312
6,56,A,22792.990000000005,22606.24944,4615.990021972657,0.20251796811092604,0.00819288856995476
6,58,A,54885.94,49201.799100000004,24013.324521484377,0.4375132232678237,0.10356278725907538
6,59,A,2747.29,2807.60366,1214.7325451660156,0.4421566507962449,-0.021953866426665008
6,60,A,4221,4099.30966,1168.54638671875,0.276841124548389,0.028829748555400082
6,67,A,121756.33999999998,119937.353,5239.409062500003,0.04303191983678224,0.014939562772460148
6,71,A,66524.24999999999,68817.4779,6511.7033398437525,0.0978846561944517,-0.03447206135121779
6,72,A,946581.74,960802.019,62781.762812499976,0.06632471360846236,-0.01502277387846084
6,74,A,267653.18,268825.625,18382.1390625,0.0686789488639739,-0.004380463553618183
6,79,A,310716.79,311143.78,21084.057265625,0.06785618912201366,-0.0013742073509288191
6,80,A,183795.61,183111.5105,6646.528515624997,0.03616260755969633,0.0037220705890363692
6,81,A,192781.9,192607.24599999998,6452.684140624997,0.03347142102357637,0.0009059663082996881
6,82,A,241092.68,242290.97999999995,9537.987656249996,0.0395614983260794,-0.004970289719082348
6,83,A,50054.59,47972.006100000006,3702.4863183593743,0.07396896704896343,0.04160625222350988
6,85,A,23896.88,26581.1068,4692.890034179687,0.19638086788650597,-0.11232539843623152
6,87,A,612914.6599999999,612860.74,32501.501406249998,0.053027776177274014,0.0000879758998585365
6,90,A,688046.55,714361.2949999999,26954.976562500007,0.03917609435364512,-0.03824559090515024
6,91,A,584397.36,594365.8960000001,19374.239531249994,0.03315251035913303,-0.017057802128418228
6,92,A,1298121.07,1319673.691,33549.03156250001,0.025844300919096865,-0.016602927250460548
6,93,A,564767.6900000001,542515.567,26585.724062500005,0.04707373409144564,0.03940048285605716
6,94,A,555372.4500000001,563829.453,23566.207968750008,0.0424331598889178,-0.015227617464190026
6,95,A,1192436.5899999999,1207868.146,53021.41843749996,0.04446476976817691,-0.012941211458883509
6,96,A,395808.97000000003,405899.128,22253.370703124998,0.05622250224173797,-0.02549249187840539
6,97,A,273184.41000000003,270427.71900000004,11205.111718750002,0.0410166587425322,0.010090953762698243
6,98,A,126964.81,124230.639,5615.59328125,0.044229525340525454,0.0215348751211064
7,1,B,113837.47999999998,121871.31999999999,9251.9034375,0.08127291150067624,-0.07057289314995377
7,2,B,303548.39,313811.148,10859.016093750008,0.035773591465103824,-0.03380929952387494
7,3,B,154499.73000000004,156721.28590000002,20849.716601562504,0.1349498578512888,-0.014379035545078286
7,4,B,205287.77,216880.517,12256.760820312496,0.05970526554169543,-0.056470702801426007
7,5,B,137417.79,152100.02499999997,24350.837812499998,0.17720295030577915,-0.10684376045852578
7,6,B,63147.06999999999,68455.3423,16384.07943359375,0.2594590601526524,-0.0840620520501783
7,7,B,106978.70000000001,120072.44660000001,18685.081875,0.17466170251648222,-0.12239581629333687
7,8,B,195160.76000000004,194756.9355,4629.6082421875,0.02372202404923766,0.0020691937748525797
7,9,B,549085.13,577249.0989999999,45106.818671875,0.08214904430552508,-0.05129253747843255
7,10,B,256964.70999999996,282758.749,26297.948515625,0.10234070085197693,-0.10037969045194962
7,11,B,166848.73,193737.8635,26889.1342578125,0.16115875894178217,-0.16115875894178217
7,12,B,65621.05,81903.06420000001,16282.014453125,0.24812182147534975,-0.24812182147534975
7,13,B,209844.12000000002,214301.44,9436.494765624997,0.044969069257813826,-0.02124109769253957
7,14,B,132259.03999999998,137604.6105,11844.510703124997,0.08955539601017064,-0.0404174067940838
7,16,B,122475.12000000002,135164.37970000002,19189.553203124997,0.15668123618188734,-0.10360682974836029
7,17,B,67341.89,72336.68780000001,8218.013183593748,0.12203419273788942,-0.07417074258357241
7,18,B,28616.76,30271.96165,11836.329799804687,0.4136153009566662,-0.057840289044667356
7,20,B,47036.17999999999,47677.1999,4357.043789062501,0.092631752601136,-0.013628236717192996
7,21,B,25617.39,28177.9075,3124.3605712890626,0.12196248608031741,-0.09995231163802451
7,22,B,95939.03000000001,99071.7383,9064.999921875,0.09448709166514399,-0.0326531160597517
7,23,B,187193.54999999996,187528.984,12221.809804687498,0.06528969510267582,-0.0017919068175025097
7,24,B,32765.43,34973.333999999995,6398.879716796875,0.19529362858344526,-0.0673851748173494
7,25,B,64007.22,64713.3483,8716.144697265625,0.13617439872041973,-0.011032011524197955
7,26,B,29137.239999999998,29109.7043,5078.449091796875,0.17429410238570556,0.00094503303322053
7,27,B,9867.88,11531.686140000002,1878.3150512695315,0.19034636125181212,-0.16860826197637246
7,28,B,2749.29,4360.876130000001,1709.001657104492,0.6216156378935987,-0.5861826558462735
7,29,B,17263.95,18867.2422,3692.0493798828115,0.21385890134545174,-0.09286937865148545
7,30,B,13728.289999999999,15974.195749999999,3335.3605981445317,0.2429552841719203,-0.16359689500118232
7,31,B,25033.49,27013.533000000003,4448.092338867188,0.17768566583673262,-0.07909576655331269
7,32,B,48148.28999999999,54537.34300000001,6885.924521484374,0.14301493410221577,-0.13269532557808647
7,33,B,35302.29,33880.0849,6045.438642578125,0.17124777578389744,0.040286488021120614
7,34,B,53157.31,58381.3871,6669.39689453125,0.1254652820944335,-0.09827580077003992
7,35,B,851.6200000000001,3147.332636,2411.1066529846194,2.831200127973297,-2.6957006552341394
7,36,B,16084.729999999996,19253.43094,4678.606835937499,0.2908725751652344,-0.19700056564226606
7,38,B,401729.02999999997,432168.91,57416.38320312499,0.14292316192117108,-0.07577216464322976
7,40,B,400052.7699999999,414717.762,23727.805156249997,0.05931168819615973,-0.03665765300162776
7,41,B,32268.28,32653.4218,5123.464545898437,0.1587771193846848,-0.011935622136361543
7,42,B,90737.66,98182.4826,9161.576074218749,0.10096773571435222,-0.08204777277875855
7,44,B,44662.1,46765.6663,5913.575761718751,0.13240702433872906,-0.04709958788113973
7,45,B,182.13,1192.83368,1010.7036868286134,5.549353136927543,-5.549353136927543
7,46,B,177043.28999999998,190291.43999999997,13445.879335937501,0.07594684518084534,-0.0748300058685506
7,48,B,33135,33656.80333,14170.951293945312,0.42767319432459067,-0.015747799750311226
7,49,B,285.41999999999996,3085.1140350000005,2799.694044189453,9.809032458094926,-9.809032458094926
7,52,B,13393.720000000001,16028.239399999999,2922.5561645507805,0.21820346883097305,-0.19669811231815867
7,54,B,374.00000000000006,2289.77897,1915.7789840698238,5.122403700721454,-5.122403700721454
7,55,B,59639.229999999996,61672.33960000001,8590.954667968752,0.14404871873712577,-0.034090134219854136
7,56,B,23831.75,29294.168700000002,6466.206645507813,0.27132739498810676,-0.2292076150136504
7,58,B,18466.97,17346.123659999997,14989.34384033203,0.8116839871582631,0.060694650055655074
7,59,B,35.35,1654.921655,1619.5716442108155,45.8153223256242,-45.8153223256242
7,60,B,1206,3132.5908600000002,1926.5908508300781,1.597504851434559,-1.597504851434559
7,67,B,48401.270000000004,49426.6321,3006.91822265625,0.062124779425338415,-0.02118460602247626
7,71,B,28573.100000000006,30742.492899999997,5742.243408203125,0.20096676273148953,-0.07592431062509403
7,72,B,534697.97,600943.6849999999,74789.0540625,0.13987158780965636,-0.1238937142402093
7,74,B,140707.75,146046.728,10786.107031250005,0.07665609770073081,-0.03794374166046294
7,79,B,74813.52,78601.0379,7738.200937499999,0.10343318878058402,-0.05062611792544316
7,80,B,7151.82,9148.077940000001,2601.8138671874995,0.36379744836803773,-0.2791258561959578
7,81,B,86306,89765.20860000001,4397.613906250001,0.05095374488737748,-0.04008073607643153
7,82,B,117537.98999999999,127516.683,11414.20341796875,0.09711075898072404,-0.08489759868676292
7,83,B,7775.319999999999,9921.217109999998,2158.813308105469,0.27764944826778437,-0.2759882682707312
7,85,B,25828.729999999996,30598.3314,6090.603237304687,0.2358073059459249,-0.18466263811261482
7,87,B,179048.74,179471.6055,13714.21078125,0.0765948466392447,-0.0023617447510381937
7,90,B,190793.49,202973.43,13497.794804687497,0.07074557315706892,-0.06383833489778659
7,91,B,132938.72999999998,143113.464,10356.157031249999,0.07790172985141351,-0.07653700987383436
7,92,B,359686.77,387594.048,27907.278828124992,0.07758772675493456,-0.07758772675493456
7,93,B,22639.519999999997,25240.1612,3816.7627685546877,0.16858850225423014,-0.11487174882165402
7,94,B,21303.66,20270.6184,4045.6837255859377,0.1899055714175845,0.048491267215425085
7,95,B,477728.77,507914.05799999996,30185.286640625003,0.0631849880856558,-0.0631849880856558
7,96,B,13298.99,15858.797129999999,2559.8072412109377,0.19248132686850186,-0.19248132686850186
7,97,B,59460.479999999996,64825.5794,5906.551191406248,0.09933574689283114,-0.09022967170537051
7,98,B,3410.6100000000006,5602.0011,2191.3910681152342,0.6425217389602546,-0.6425217389602546
8,1,A,172610.59,167848.013,6032.186015625002,0.034946789855854164,0.02759146053118758
8,2,A,467594.99,473343.41099999996,15272.58140625,0.03266198683234395,-0.01229358799641971
8,3,A,234935.47999999995,231869.35450000002,43432.762578125,0.18487102321933244,0.013050929916481767
8,4,A,291461.08999999997,287131.212,14779.971640625005,0.050709930579841744,0.014855763798093943
8,5,A,221617.1,219261.367,41399.624765625005,0.18680699623641409,0.010629742977865871
8,6,A,32120.370000000003,31573.459100000004,10247.073212890626,0.31902102039579944,0.017026921409217875
8,7,A,214478.16000000003,202752.81699999998,24157.410742187505,0.11263342963305682,0.05466916826024386
8,8,A,368200.27999999997,352858.472,17982.281953125,0.04883831688863735,0.04166702235227795
8,9,A,180268.24000000002,171219.204,27766.07015625001,0.15402641173092946,0.05019762147231259
8,10,A,269305.13,268713.30000000005,26266.49609375,0.09753433250138978,0.002197615837284665
8,11,A,219572.31999999998,220301.81799999994,20384.6100390625,0.092837795032919,-0.0033223558543831943
8,12,A,103317.61,102751.6958,8071.049101562502,0.07811881344876737,0.005477436654433853
8,13,A,342910.6,340264.43200000003,10422.544531250005,0.030394349230528323,0.007716782176608137
8,14,A,128754.70000000003,124281.14869999999,10066.641621093748,0.07818465361725627,0.034744759408540014
8,16,A,130194.59000000003,135478.46850000002,13538.241484375,0.1039846700571429,-0.04058447994315662
8,17,A,92158.86,90910.73689999999,6903.583613281252,0.07490960297557123,0.013543160223892218
8,18,A,57281.44,54131.15294,14039.057280273439,0.2450891122896603,0.054996660356140266
8,19,A,7092.799999999999,7293.530699999999,951.9513403320312,0.13421375766016683,-0.028300628903055697
8,20,A,50432.649999999994,50485.506,5456.894775390626,0.10820162683084522,-0.0010480532654069416
8,21,A,49250.89,51163.169299999994,3481.1425683593748,0.07068182053886488,-0.03882731211018471
8,22,A,102664.04,98646.88859999999,13782.380585937506,0.13424740138745278,0.03912909844698301
8,23,A,195028.3,186915.99899999995,24345.1006640625,0.12482855392813505,0.04159551680288195
8,24,A,72570.34,70789.7839,19138.0599609375,0.2637173804192939,0.024535579301836682
8,25,A,84853.73999999999,83885.2406,9266.284902343748,0.10920302278183318,0.011413748850006471
8,26,A,70826.1,71783.51120000001,11355.971279296875,0.16033596766300662,-0.013517777692254346
8,27,A,11159.630000000001,9971.94774,2639.752054443359,0.2365447648751221,0.10642667701765057
8,28,A,2817.8300000000004,2666.983256,837.2776985931396,0.2971356322393968,0.053532952616884795
8,29,A,31660.5,31859.7849,3063.8778173828123,0.09677288158376565,-0.0062944373645295185
8,30,A,26348.579999999998,27233.52,3977.642270507812,0.1509623012134928,-0.03358586677008544
8,31,A,28156.170000000002,27975.359599999996,7063.624282226562,0.2508730513499017,0.006421692253920303
8,32,A,53136.200000000004,55637.5151,5581.293408203124,0.10503749624932011,-0.0470736502154487
8,33,A,91852.45000000001,81437.223,19201.841396484375,0.209050944166262,0.11339084694648183
8,34,A,93661.64000000001,93750.75270000001,10714.953886718748,0.11440066484762328,-0.000951429436920512
8,35,A,17316.749999999996,18839.4076,3171.159233398437,0.18312669718038535,-0.08792975545488836
8,36,A,7646.88,7199.0741499999995,3448.536352539062,0.45097299193122714,0.05856060292829396
8,37,A,25558.8,25852.6025,3828.9498486328125,0.14980945305072274,-0.011495166484060758
8,38,A,798693.64,806215.2089999999,61653.84906249999,0.07719336423224804,-0.009417341720036762
8,40,A,511636.4599999999,493413.281,22320.32640625001,0.043625363224211997,0.0356174281319787
8,41,A,24764.769999999997,24109.7379,4496.571264648438,0.18157129117889803,0.026450158227229147
8,42,A,68142.40999999999,67864.4075,7450.557285156252,0.10933803610932243,0.004079724875540062
8,44,A,50869.549999999996,49581.5019,7115.653310546875,0.1398804060689917,0.025320615004764638
8,46,A,226316.40000000002,227868.352,11656.414531249997,0.051504948520080716,-0.006857441893296283
8,49,A,29824.75,29205.451399999998,9200.706967773436,0.30849234168847806,0.020764590015161462
8,52,A,17078.379999999997,18624.8751,2811.5498291015624,0.1646262601664539,-0.09055279962562683
8,54,A,384.4,960.61966,1221.9796594238283,3.1789273137976806,-1.4990105604157862
8,55,A,67547.36000000002,65485.7925,3001.3932421875006,0.04443390892238423,0.030520334293042677
8,56,A,21088.789999999997,23300.441799999997,5474.9791259765625,0.259615612179578,-0.10487334819122213
8,58,A,11725,12289.64545,6068.547119140625,0.5175733150652985,-0.048157394181436566
8,59,A,2139.62,2295.8421319999998,1675.8322846221924,0.7832382781158301,-0.07301396073181723
8,60,A,2961,3033.598474,1271.6329879760742,0.42946065112329423,-0.02451823298007561
8,67,A,59887.72,56999.8655,4671.052851562501,0.07799683894398553,0.04822114245364075
8,71,A,22397.229999999996,26157.388439999995,7957.406950683594,0.35528531656296763,-0.1678849790250639
8,72,A,452291.69999999995,429593.852,76977.32117187501,0.1701939725444332,0.05018408802190047
8,74,A,120193.07999999999,123248.67149999998,10363.611738281252,0.08622469561709586,-0.025422356983602977
8,79,A,284838.69000000006,281323.271,23140.951953125,0.08124230578761964,0.012341787260800157
8,80,A,124541.19000000002,123744.41350000001,4358.557304687498,0.03499691391006861,0.006397682252253254
8,81,A,166453.51,168715.64099999997,5707.225234375001,0.03428720268124716,-0.013590164755312167
8,82,A,185156.89999999994,186250.555,9989.379374999999,0.05395088908379867,-0.00590663749231058
8,83,A,32904.520000000004,32426.715000000004,3144.7081738281245,0.09557070499214466,0.014520950681224797
8,85,A,22755.899999999998,24208.469299999997,4706.192236328125,0.20681195805607008,-0.0638326536160677
8,87,A,323935.23,313734.002,27022.036953125003,0.08341802450176539,0.03149156714715779
8,90,A,539779.73,547479.927,12238.574999999997,0.022673276375161398,-0.014265448032848491
8,91,A,419355.1,422932.1020000001,13178.461953125006,0.03142554353845943,-0.0085297722994784
8,92,A,848966.97,835176.217,29479.926249999997,0.034724467843548726,0.01624416443728075
8,93,A,393508.71,389478.03699999995,14728.739140625003,0.03742925827645594,0.010242906416544118
8,94,A,342518.47000000003,343867.505,13571.95109374999,0.039623997776674615,-0.00393857273229675
8,95,A,840056.6499999999,841637.062,14054.787656249995,0.016730761736425747,-0.0018813119255111951
8,97,A,236787.37,235563.508,10448.771796874997,0.044127234475702805,0.0051686043659127864
8,98,A,92259.45999999998,90156.41019999998,6393.14970703125,0.0692953297909098,0.022794945423144128
9,1,B,161413.11000000002,149157.41700000002,14109.691484375004,0.08741354084792123,0.07592750046371699
9,2,B,342659.34,343562.11,9967.206171874997,0.029087799480017083,-0.002634603008705348
9,3,B,160864.15,158514.9837,37701.65982421877,0.23436955856366237,0.014603422141252438
9,4,B,239713.03999999998,237216.738,11578.166015625,0.048300109229039025,0.01041371663333376
9,5,B,225754.65,223708.227,29888.397109375,0.13239327344696997,0.009064811898669655
9,6,B,25935.579999999998,24561.843900000003,6694.681088867189,0.2581272941984405,0.05296724144706569
9,7,B,159488.23,152378.96499999997,24680.321757812497,0.15474697886992975,0.0445754908234451
9,8,B,307592.10000000003,291949.299,15642.801171875002,0.050855666227692456,0.050855666227692456
9,9,B,218791.35000000003,198533.61699999997,33595.98015625001,0.15355259774323804,0.09258927655275222
9,10,B,184497.53999999998,182845.26199999996,13306.551132812498,0.07212319000466076,0.008955551953091077
9,11,B,191290.76,183853.2195,21771.1878125,0.11381202005000136,0.03888081813256428
9,12,B,93941.21999999999,92350.28,8192.004921875001,0.08720351856059567,0.016935480788545235
9,13,B,311701.24,302881.556,15962.401250000003,0.05121057988091418,0.028295316735024875
9,14,B,89393.40999999999,88074.00790000001,7340.983593749999,0.08211996380661617,0.014759501707116889
9,16,B,81387.71000000002,80647.29310000001,11278.421396484377,0.13857646807465615,0.009097396877589089
9,17,B,70985.76999999999,69407.7751,7060.513945312501,0.09946379317027204,0.022229731527530078
9,18,B,31055.01,36338.78305,12061.414311523436,0.38838867904159224,-0.17014236469136745
9,19,B,18770.85,17580.6203,3499.085725097656,0.18641061673273487,0.06340840716893648
9,20,B,35898.18000000001,35191.7529,8704.641777343752,0.24248142321821747,0.019678631905921153
9,21,B,42998.66,42747.199400000005,2610.4195214843744,0.06070932260410846,0.0058481017108294835
9,22,B,78224.39000000001,70507.83390000001,10980.011171875001,0.1403655710434431,0.09864641981388413
9,23,B,159154.99,146287.977,23805.244570312498,0.1495727188340906,0.08084581208583219
9,24,B,41276.95,39179.16440000001,11033.04587890625,0.26729314735963416,0.05082220099156431
9,25,B,61214.41,61131.1829,6863.086308593751,0.11211553470161274,0.0013595964501046341
9,26,B,57398.29,53126.723900000005,10696.75322265625,0.18636013760438247,0.07441974105685464
9,27,B,8254.24,7847.2607,1552.1780505371098,0.18804614968029884,0.0493054827979412
9,28,B,2512.9999999999995,2552.89952,1110.4031819152833,0.44186358213899063,-0.015877245148955922
9,29,B,24716.129999999997,23739.6067,3402.020390625,0.13764373268084446,0.039509555522926725
9,30,B,19932.179999999997,20624.5183,2935.2531152343754,0.14726202127586524,-0.03473470089808919
9,31,B,14343.79,14396.60343,4995.625173339843,0.34827790795458125,-0.003681973494442141
9,32,B,44984.71,44836.4138,7006.614697265626,0.15575547107596394,0.0032965908114251548
9,33,B,43669.149999999994,40144.047399999996,8931.139472656248,0.20451828058609453,0.0807229505662178
9,34,B,66003.43000000001,65432.5949,6955.5283789062505,0.1053813169846817,0.00864856243313792
9,35,B,11838.16,12866.18684,2761.5758154296877,0.23327745320469462,-0.08684010114061223
9,36,B,5489.66,5375.983735000001,3179.31554397583,0.5791461664248478,0.020707350812291643
9,38,B,888737.7699999999,973042.253,96778.950625,0.10889483252748447,-0.09485866680336993
9,40,B,389055.04000000004,379687.16599999997,13429.111328125,0.03451725320953302,0.024078531367631172
9,41,B,22343.77,21388.5309,3863.40275390625,0.17290738106891765,0.04275192764163121
9,42,B,42130.59,42019.5639,5315.354531249999,0.12616378102585318,0.002635283179187609
9,44,B,53035.520000000004,50957.1051,5105.306826171875,0.09626203016717617,0.03918910902336066
9,46,B,89925.19,91665.08300000003,3314.6320312499993,0.0368598835459786,-0.01934822720766561
9,48,B,15749,14551.983400000001,10892.264282226562,0.6916162475221641,0.07600587983760873
9,49,B,298.46,1123.103047,876.2230426025391,2.9358139871424616,-2.762993508686387
9,52,B,22347.929999999997,22172.382899999997,2554.6791552734376,0.11431390537170279,0.007855182356025258
9,54,B,210.28000000000003,597.4993549999999,560.4993591308594,2.6654905798500064,-1.8414464482159947
9,55,B,85790.37,87435.3202,7868.469824218751,0.09171740166429812,-0.01917406142692647
9,56,B,10000.47,10397.39199,3899.960745849609,0.38997774563091625,-0.039690334383385546
9,59,B,42.28,442.23436000000004,442.23435974121094,10.459658461239615,-9.459658461239616
9,60,B,1296,1615.4740860000002,984.5535850524902,0.759686408219514,-0.2465077653343295
9,67,B,38117.159999999996,36242.25540000001,4232.623056640625,0.11104245585559432,0.04918793490295775
9,71,B,13908.91,14624.571109999999,4689.613256835938,0.33716612278287356,-0.05145342409447433
9,72,B,382424.14999999997,402554.28900000005,60929.76515625,0.15932509794752767,-0.05263825274240657
9,74,B,99653.16,99152.26610000002,4977.061074218749,0.049943835942771395,0.005026372337001153
9,79,B,170066.25999999998,166839.479,8103.222734375002,0.04764744479225334,0.018973672287348486
9,81,B,33444.25,32453.9963,1520.9863281249995,0.045478260930503736,0.02960907833091639
9,82,B,133919.79,131856.7015,10243.689687499998,0.07649123171041411,0.015405406685038864
9,85,B,10082.41,10780.19296,3207.7301611328126,0.31815113262928335,-0.06920794443925113
9,87,B,211523.24000000002,225428.79599999997,23854.539023437497,0.1127750266279842,-0.06574008557375302
9,90,B,42204.87,47037.829900000004,4832.959833984374,0.11451189955055836,-0.11451189955055836
9,91,B,12831.990000000002,13316.573639999999,2133.908552246093,0.16629599557403746,-0.037763719378957866
9,92,B,238191.35,241354.608,8974.905898437493,0.03767939473216594,-0.013280332604699966
9,94,B,611.74,1880.44321,1412.3226745605468,2.308697607742745,-2.0739255350101504
9,95,B,462944.74,462977.506,16485.677187499998,0.03561046440985591,-0.00007078126106367418
9,96,B,49945.86,50537.0243,4303.982470703124,0.08617295749243528,-0.011836099527005348
10,1,B,434032.79,468049.52599999995,38412.219453125006,0.0885007315993914,-0.07837365326851227
10,2,B,1364163.22,1395293.93,45675.0515625,0.033482101623074106,-0.02282037019551078
10,3,B,513929.34,591686.7390000002,132767.28070312503,0.25833761641848474,-0.1512997804875764
10,4,B,605131.3500000001,630145.551,28142.349531249987,0.04650618337861686,-0.04133681188596491
10,5,B,576598.76,567208.939,77995.23921875001,0.13526778867639258,0.016284840074491318
10,6,B,87145.58,84372.12599999999,16915.2096484375,0.19410289825872407,0.031825527163138974
10,7,B,600140.3899999999,584915.725,39732.55500000001,0.06620543403186047,0.02536850325554659
10,8,B,1113239.33,1119888.8159999999,17717.515937500008,0.015915280263678794,-0.0059731004226198136
10,9,B,797102.9999999999,805630.509,51259.34734374999,0.06430705610661358,-0.010698120451497505
10,10,B,631861.81,660090.988,33875.62437500001,0.0536123941008557,-0.044676183824118136
10,11,B,385128.98,404185.77699999994,24411.468828125,0.06338517768287652,-0.049481592869549805
10,12,B,113078.68000000001,115690.13200000003,5739.950312499998,0.05076067665894223,-0.023094104559542087
10,13,B,814577.1199999999,815020.252,33358.51046875001,0.04095193647072977,-0.0005440048527879162
10,14,B,466039.23,482760.3500000001,31906.004218749997,0.06846205676451314,-0.03587920625534037
10,16,B,307550.13999999996,320696.21,29244.054257812502,0.0950871108620289,-0.04274447089444503
10,17,B,340064.67,341675.2459999999,12948.261249999992,0.03807587906735502,-0.004736087679293465
10,18,B,105747.94,93550.04814999999,16234.659135742188,0.1535222259246108,0.11534873675974504
10,19,B,36807.979999999996,37009.085399999996,3086.7087109374997,0.08385976929289518,-0.0054636372117880545
10,20,B,193777.73000000004,196069.3485,11550.987734375,0.059609469748536106,-0.011826001383776116
10,21,B,109666.26000000002,112621.7974,5568.0925390625,0.05077306857243512,-0.026950293112599073
10,22,B,310194.2899999999,320435.026,14828.916328125008,0.047805252405274806,-0.033013939072266615
10,23,B,770972.92,794013.447,58468.08953124998,0.0758367615963087,-0.02988500454562008
10,24,B,186362.20999999996,199433.517,51516.636640625,0.27643284891623154,-0.07013926041188821
10,25,B,243673.11999999997,254948.41199999998,17656.317734375,0.07245902926992932,-0.0462722031440111
10,26,B,198336.17000000004,200861.40099999998,15086.3834375,0.07606471092741177,-0.012732081817199562
10,27,B,50622.64,48592.45939999999,3832.044902343751,0.07569824296685734,0.040104200953244455
10,28,B,12010.46,11260.60082,1649.845227050781,0.13736736370220468,0.062433847742470405
10,29,B,194761.72999999998,196031.5865,8764.912734375002,0.04500325980044952,-0.006520058589667481
10,30,B,122514.23000000001,131874.019,10156.962617187502,0.08290435010845272,-0.07639756259079047
10,31,B,78151.28000000001,87980.70740000001,19241.24517578125,0.2462051187873218,-0.12577437001431704
10,32,B,221248.53999999998,228726.575,31035.09015625,0.1402725195666828,-0.03379924775435806
10,33,B,169147.24000000002,188824.34399999998,39708.868007812496,0.2347591838200404,-0.1163312080849649
10,34,B,486558.4,518353.35,40235.0059375,0.08269306610984416,-0.06534662963890872
10,35,B,91603.39,97110.22499999999,7067.1129296875015,0.07714903269068428,-0.06011605694259786
10,36,B,18793.460000000003,22616.263300000006,5233.467844238282,0.2784728221539983,-0.20341136579955038
10,37,B,48992.85,49361.2361,2771.5467578125,0.056570433396148624,-0.007519175549978222
10,38,B,1080347.6,1100340.961,78451.6940625,0.07261708552182648,-0.0185064004515769
10,40,B,1249400.4799999997,1258479.546,44320.872812500005,0.03547371200985933,-0.00726673249117049
10,41,B,216996.86,215437.43099999995,24203.147890624998,0.11153685767906964,0.007186409791252274
10,42,B,155643.59,155432.825,6392.979804687502,0.04107448179965203,0.0013541627882812156
10,44,B,118444.84,114080.24140000001,7109.356972656247,0.060022513202400776,0.036849205932324686
10,45,B,20.94,213.30731,192.36731201171875,9.18659560705438,-9.18659560705438
10,46,B,625771.7799999999,659732.4569999999,35647.892656250006,0.05696628354869248,-0.05427006796511344
10,48,B,48473,41493.947700000004,20555.326416015625,0.42405723631744735,0.14397814226960112
10,49,B,263895.05,259693.49799999996,29597.252343750002,0.11215539034836008,0.015921306239923813
10,50,B,55307.979999999996,55844.1471,5656.648212890625,0.10227544402978783,-0.009694210795564682
10,52,B,53108.09,58997.7721,6309.305625,0.11880121512560517,-0.11089989273526879
10,54,B,947.64,1603.472206,1209.0219122314454,1.2758240600137662,-0.6920689275318983
10,55,B,172169.02,173001.62700000004,22789.906171875,0.13236937848560096,-0.004835985899931341
10,56,B,11411.499999999998,10291.33311,3423.804403076171,0.300031056660051,0.09816123214606018
10,58,B,58520,59712.690500000004,21013.44287109375,0.35908138877467105,-0.020380894419108852
10,59,B,3499.8299999999995,3587.5702,1276.9552532958983,0.3648620799569975,-0.02506984787503294
10,60,B,6606,6447.462350000002,634.9692840576172,0.09612008538565202,0.023999037758494882
10,67,B,137394.15999999997,137328.45,5593.4174218749995,0.04071073633606407,0.0004782505175256484
10,71,B,196836.97999999995,208763.0765,20197.008945312497,0.10260779730166812,-0.06058870212516726
10,72,B,1473162.29,1551589.7589999998,170495.84031250002,0.11573459453167241,-0.05323748287603805
10,74,B,494221.75999999995,523848.315,43107.655,0.08722330437251488,-0.05994586822725085
10,79,B,461812.30999999994,469978.19,34277.361875,0.07422357770194564,-0.01768224303072389
10,80,B,4706.21,5142.668464699998,2774.4233320617673,0.5895239124607204,-0.09274097394568455
10,81,B,130954.68,133901.298,4368.057890624996,0.033355492836338464,-0.022501057832564654
10,82,B,283816.5,285057.249,12918.380624999998,0.04551666525730533,-0.0043716626764124
10,83,B,3039.6400000000003,3135.5145049999996,1209.7586663818363,0.3979940606064653,-0.03154140329394217
10,85,B,35034.33,34154.840299999996,4163.1859765624995,0.11883161392161629,0.025103653130193995
10,87,B,389300.72,364841.32600000006,36062.332578125,0.09263361387599027,0.06282904852609827
10,90,B,187166.94,188295.746,4944.773984374999,0.026419056615313574,-0.006031022609414896
10,91,B,154950.19,163526.13400000002,10346.6769140625,0.06677421250056227,-0.05534644285326466
10,92,B,682848.9399999998,700329.3050000002,27297.741250000006,0.03997625192183796,-0.025599167932368765
10,93,B,15526.97,17626.3207,2954.7796093749994,0.19029982085204,-0.1352067274414293
10,94,B,1756.51,2511.573865,2112.1362698364255,1.2024618532410436,-0.42986596157634005
10,95,B,918924.8099999999,938425.396,29998.929687499985,0.03264568478404668,-0.021221092547822295
10,96,B,170467.28,160961.15800000002,11175.085078124997,0.06555560150971493,0.055765081702922686
10,97,B,65670.86,66373.7739,3293.7956054687493,0.050156121078188245,-0.010703589473036434
10,98,B,2768.22,2008.3657015,1273.5682340240478,0.46006756472536425,0.2744920209157084
11,1,A,230521.77000000002,228814.735,13079.820624999997,0.05674006678414796,0.007405095080607789
11,2,A,730262.4000000001,771498.993,42701.98000000002,0.05847484411082922,-0.05646818484355761
11,3,A,372531.00999999995,351810.12299999996,58995.6585546875,0.15836442328569508,0.05562191434664056
11,4,A,386029.95999999996,390483.727,16468.2353125,0.042660510890139204,-0.011537359852846658
11,5,A,433046.75,422586.93100000004,41214.720624999994,0.0951738366007827,0.02415401202352862
11,6,A,39390.700000000004,46298.26939999999,13063.797802734374,0.33164675425251067,-0.1753604096172288
11,7,A,392403.4200000001,382627.44399999996,64498.98273437499,0.1643690636905636,0.02491307705887222
11,8,A,455084.32,457536.081,15130.294374999998,0.03324723289741118,-0.005387498161879084
11,9,A,225130.69999999998,231940.14899999998,9304.412656250002,0.04132893761823689,-0.030246645337575016
11,10,A,326253.37,341126.997,24190.236562499995,0.07414555307888465,-0.04558918761130344
11,11,A,207622.46000000002,220062.42200000002,15761.791640624999,0.07591563860973903,-0.059916262792570694
11,12,A,53087.79,55935.93,5728.758183593751,0.10791103158737161,-0.05364962782932287
11,13,A,564069.73,564969.2290000002,30510.14640625,0.05408931694712638,-0.0015946618315256947
11,14,A,300183.12,295145.558,24097.709999999995,0.0802766991028676,0.016781627848527922
11,16,A,131532.02,136470.92770000003,17907.5165234375,0.13614568166319885,-0.0375490905893105
11,17,A,170721.14000000004,173258.354,19731.19203125,0.11557556393572581,-0.01486174187698721
11,18,A,106983.45,96240.02652000001,23027.58653686523,0.21524438160168916,0.10042136223313412
11,19,A,21298.3,21618.1202,2355.527758789063,0.1105969846790149,-0.015016233185644504
11,20,A,120938.43000000001,122155.396,6809.22326171875,0.056303221909849085,-0.010062690545046373
11,21,A,90147.82000000002,92194.531,5575.16693359375,0.06184472274086882,-0.022703940724454003
11,22,A,201256.00999999998,201735.318,12189.077539062504,0.0605650362394768,-0.002381580469634173
11,23,A,415277.18000000005,402284.9660000001,31667.806328125,0.07625703470661449,0.031285642045452644
11,24,A,129634.09000000001,126601.3598,19880.024648437502,0.1533549134215969,0.023394545562822232
11,25,A,138402.5,146687.1125,11478.191679687501,0.08293341290574593,-0.05985883423122776
11,26,A,133672.35,135580.92,17831.502617187496,0.13339709085078175,-0.01427797819397578
11,27,A,28639.09,26635.773999999998,2817.6023095703126,0.09838309490875277,0.06995041379768221
11,28,A,9914.67,8988.90738,1754.0158898925781,0.17691117202010537,0.09337300785749329
11,29,A,102650.07999999999,105398.4754,5079.1810546875,0.049480536738865676,-0.0267744029948637
11,30,A,70667.62000000001,79200.42860000001,9752.020449218753,0.13799842769883508,-0.12074565724240109
11,31,A,40717.65000000001,46261.2362,7173.756396484374,0.17618296725091875,-0.13614701664427153
11,32,A,110001.81,113110.46999999999,13314.383164062496,0.12103785532313055,-0.02826006908431779
11,33,A,115420.71999999999,115370.7378,18869.470546875,0.1634842560926236,0.0004330478558139393
11,34,A,244397.31,252827.759,23246.85609375,0.09511911605635104,-0.034494846987063815
11,35,A,42682.14000000001,43881.5922,5993.100156249999,0.14041236349091207,-0.028101971577719636
11,36,A,10739.28,15556.93514,5732.987684326172,0.5338335236930383,-0.44860132822840987
11,37,A,53459.58,53724.96340000001,4200.224726562499,0.07856823279499202,-0.004964196635804098
11,38,A,890487.75,919764.4199999999,107734.44468749998,0.12098363474118536,-0.03287711039539848
11,40,A,712354.79,719882.551,21472.24640625,0.030142629357837264,-0.010567431969187732
11,41,A,19830.369999999995,18882.53023,3932.045439453125,0.19828401787022257,0.04779737980494059
11,42,A,84909.66,86791.893,6227.2219140625,0.07333938110295696,-0.022167472795498182
11,44,A,86114.31,83642.21790000002,7551.9459375,0.08769675954553895,0.02870709002952007
11,46,A,341253.19,351621.39199999993,14873.826406250002,0.04358589704685252,-0.030382721477270287
11,49,A,112779.58999999998,107317.7095,11378.333164062497,0.10089000291686198,0.04842968518561293
11,52,A,37628.8,39891.076799999995,5382.023271484375,0.14302936238956265,-0.06012088890150296
11,54,A,542.8000000000001,1175.24521,800.2288311767578,1.4742609270021327,-1.1651533235059384
11,55,A,115003.24,117888.62279999998,14590.07298828125,0.12686662556882092,-0.025089593229884213
11,56,A,13972.14,13362.27744,3564.6084814453125,0.2551225854769071,0.043648461302948215
11,58,A,29649,31298.2986,13434.007202148438,0.45310152794861336,-0.05562745663982133
11,59,A,4313.21,4507.204,1235.7050311279295,0.28649312950863265,-0.044976709863646006
11,60,A,2574,2783.575545,1304.8146572113037,0.5069210012475928,-0.08142017892098002
11,67,A,104836.62,104644.8895,4809.607441406252,0.045877170032821095,0.0018288443797715903
11,71,A,145519.31000000003,139482.6415,12892.240234375005,0.08859470426553702,0.0414836176853436
11,72,A,944335.6799999999,885996.7699999999,134740.57,0.1426829175828663,0.061777729689298615
11,74,A,292875.56999999995,298183.67699999997,28928.578828125,0.09877429800008586,-0.018124105518172815
11,79,A,408548.75000000006,410306.1029999999,31648.102031250004,0.07746468941894939,-0.004301448878499811
11,80,A,182490.1,184082.82799999998,5772.597460937499,0.0316323869674985,-0.008727745496536543
11,81,A,167484.38,171217.291,5614.117890625001,0.033520247623241045,-0.022288126025543423
11,82,A,289705.46,284716.486,21628.042421874998,0.07465528064909442,0.017220847932500154
11,83,A,42717.53,41858.182100000005,3647.401171875,0.08538417768712282,0.020116984083437168
11,85,A,20402.039999999997,20913.446500000002,3352.621811523438,0.16432777366986037,-0.025066447045169863
11,87,A,228187.41000000003,224770.43,18345.082070312492,0.08039480386018005,0.014974451434732942
11,90,A,642508.7,681043.515,38534.81171875,0.05997554853148293,-0.05997554853148293
11,91,A,543033.81,564458.169,24247.006093750002,0.044651006341115296,-0.03945308298345179
11,92,A,1047491.5699999998,1074666.799,51816.330312499995,0.04946706188050755,-0.025943138676046827
11,93,A,431906.50000000006,443943.70700000005,23254.277109374998,0.053840998247016415,-0.02786994172205093
11,94,A,513148.99000000005,521678.39700000006,15990.58812500001,0.031161686832902092,-0.016621699747474943
11,95,A,1018160.96,1068282.787,56108.89468749999,0.05510807906787154,-0.04922780486741507
11,96,A,272883.26,288537.342,17007.655546875005,0.062325756247836546,-0.057365489538914925
11,97,A,223309.92999999996,227269.23799999998,11573.924999999997,0.05182897598866293,-0.017730103991569036
11,98,A,108694.28000000001,108295.11789999998,8144.581640625,0.07493109702391881,0.003672335250185186
12,1,B,196218.25,194370.73550000004,10816.320390624996,0.055123926498299704,0.009415615647372241
12,2,B,986173.3200000001,1008174.554,25801.214687500003,0.026162961585190728,-0.022309703823157567
12,3,B,401934.60000000003,386853.409,40085.37566406251,0.09973108974460647,0.03752150915456768
12,4,B,345355.96,352243.59400000004,13741.177968749991,0.0397884489057319,-0.0199435786485341
12,5,B,279738.78,286588.098,38973.725390625,0.13932185373306122,-0.02448469822230224
12,6,B,51921.30000000001,57696.745,7744.408076171874,0.14915666742111375,-0.11123459684266135
12,7,B,348347.2,345980.84199999995,28348.684453125003,0.08138054347250387,0.006793102407956786
12,8,B,530248.5700000001,544827.161,19344.725468750003,0.036482371784142674,-0.027493879250348564
12,9,B,222154.70000000004,225367.025,20430.133242187505,0.09196354271229688,-0.01445985348976411
12,10,B,224944.38999999998,239205.46600000004,17509.495585937497,0.07783921877730535,-0.06339822842575671
12,11,B,202862.6,209558.347,15395.926874999996,0.07589337253392195,-0.033006309211875424
12,12,B,57174.67,58318.80039999999,4218.174072265626,0.0737769727794778,-0.020011143695440225
12,13,B,593579.74,601448.3840000001,15222.883593749997,0.02564589484430516,-0.013256258912660994
12,14,B,228636.24,224356.005,13472.403515625,0.05892505718089573,0.018720716106182474
12,16,B,77359.06,84658.5263,9871.241738281251,0.1276029173348442,-0.09435826722130221
12,17,B,142557.05,138637.938,11245.159570312504,0.07888182008755446,0.027491544448783847
12,18,B,98682.85,76567.175104,27307.402456054682,0.2767188265849099,0.22410859155289675
12,19,B,34829.07,37144.3664,3788.1718652343748,0.10876465737484162,-0.06647597696631365
12,20,B,78662.11,78542.9431,6199.507304687499,0.07881186132291008,0.0015149179271315878
12,21,B,50032.77999999999,50405.0819,3839.162666015624,0.07673294720012809,-0.007441167078675737
12,22,B,117257.79999999997,117389.1785,7487.479726562498,0.06385485423197859,-0.001120426197127192
12,23,B,463832.18,461027.02200000006,33224.63835937501,0.07163073152745678,0.006047787619274298
12,24,B,177679.72,169547.8989,32593.783203125,0.18344121210414446,0.04576674007872142
12,25,B,242595.56999999995,252115.44499999995,13570.852265624992,0.05594023116590709,-0.03924174443653276
12,26,B,178028.63,169476.534,18860.029140624996,0.10593818050852268,0.04803776109985793
12,27,B,24179.83,22086.515700000004,4205.270869140625,0.17391647787187192,0.08657274989112826
12,28,B,8359.34,7727.61161,1459.680909423828,0.1746167651302409,0.07557155662787263
12,29,B,86812.31,81750.66450000001,9069.705136718752,0.10447487385969516,0.05830561874483871
12,30,B,66042.74,66165.9379,7567.876582031251,0.11459059060891856,-0.0018654281800126703
12,31,B,63322.11,64228.32520000001,9599.926357421875,0.1516046505307842,-0.014311193217848824
12,32,B,95841.05,95973.9946,10408.431269531251,0.10860097285590309,-0.0013871366069784393
12,33,B,149240.53999999998,149207.914,22847.168164062503,0.1530895570604509,0.00021862618980740125
12,34,B,281154.23,279152.74600000004,29705.21515625,0.10565451978527943,0.007118811288202912
12,35,B,29140.48,30806.296700000003,3929.826884765625,0.13485800112989302,-0.05716503746195585
12,36,B,10399.960000000001,12218.777329999999,7656.122116088867,0.736168419502466,-0.17488696303100632
12,38,B,735744.2600000001,724185.551,105331.530625,0.14316323803192155,0.015710232146425467
12,40,B,636252.26,620406.1950000001,23723.243593749998,0.03728590856989647,0.024905323862818175
12,41,B,17225.44,14732.97293,4398.663083496094,0.25535853269908315,0.14469685758820783
12,42,B,84879.98000000001,85257.2167,5553.595585937501,0.06542880412951911,-0.0044443553930502856
12,44,B,92740.51000000001,88499.1803,7270.946953125,0.0784009808995551,0.045733297519471264
12,45,B,139,0,139,1,1
12,46,B,427251.01000000007,433553.76800000004,8261.915703124996,0.019337381327957526,-0.014751884561080383
12,49,B,2.97,519.57762,516.6076214599609,173.9419600875289,-173.9419600875289
12,52,B,40003.29000000001,41656.611099999995,5901.072822265625,0.1475146874735959,-0.04132962773772791
12,54,B,456.40000000000003,1736.947043,1292.307048187256,2.8315228926101135,-2.8057560214444695
12,55,B,118577.71,123466.849,14458.17685546875,0.12192997196073992,-0.04123152738955955
12,56,B,2653.6700000000005,3450.165495100001,1453.6149644565585,0.5477753316940532,-0.30014865859948947
12,58,B,52755,45457.6018,24185.740966796875,0.45845400373039286,0.1383262000121434
12,59,B,3206.7400000000002,3214.4122099999995,793.4463800048828,0.2474308425394272,-0.0023925187788673957
12,60,B,4481,4351.659989999999,925.8870697021484,0.20662509924172026,0.028864095424387344
12,67,B,67482.5,66516.1858,3942.885058593749,0.058428260046586133,0.014319474898584818
12,71,B,89966.99000000002,91907.8202,9787.30759765625,0.10878776313019084,-0.021572688207294136
12,72,B,614310.5700000001,611901.013,61271.28625,0.09973991860501438,0.003922371667803143
12,74,B,206887.93,209941.9925,17709.707656249997,0.08560048745352132,-0.014761915726548166
12,79,B,551594.68,555761.358,17822.573906249992,0.03231099673813023,-0.007553885909940234
12,80,B,2200.4300000000003,2207.8500379999996,1545.039449234009,0.7021534196652512,-0.0033720804953352784
12,81,B,93661.10999999999,96013.1252,3933.876953124999,0.042001178003602556,-0.025111970165632252
12,82,B,201977.78000000003,199511.82499999998,9269.4400390625,0.04589336529524435,0.012209040047313623
12,83,B,3169.2399999999993,3053.1657999999998,943.443053894043,0.29768747519722183,0.036625244654444715
12,85,B,21974.99,25056.3406,4518.8013525390625,0.20563382975551125,-0.14022080093061193
12,87,B,175088.50999999998,171740.145,19615.245039062498,0.11203045270681954,0.019123827937438626
12,90,B,151964.45,161834.681,9942.607656249998,0.06542719469092935,-0.06495092530275995
12,91,B,87040.15000000001,91531.11420000001,5521.445644531249,0.06343561729306818,-0.05159647296211862
12,92,B,328183.13,344974.12299999996,22007.777343750004,0.06705944130568199,-0.051163492163658744
12,93,B,8069.089999999999,9845.802189999999,1955.0303479003906,0.24228634801450855,-0.2201874332268164
12,94,B,1404.95,1762.7320249999998,1084.8166552734376,0.7721389766706556,-0.25465818535683826
12,95,B,547868.62,568647.518,24772.929687500015,0.04521691658029258,-0.03792679974534772
12,97,B,32135.309999999998,31828.338499999998,2729.9152929687507,0.08495064441478084,0.009552471132027347
12,98,B,6342.369999999999,6426.487099999999,1562.1908337402344,0.24631026473388257,-0.013262722147155287
13,1,A,546524.48,572211.565,36653.7084375,0.06706691059383103,-0.04700079033971175
13,2,A,1025032.25,1041631.116,36063.175312499996,0.0351824787098162,-0.0161935072652592
13,3,A,578299.61,555831.982,193123.32156249997,0.333950288436992,0.03885117909512338
13,4,A,595828.8300000001,604768.8389999999,20046.552343749994,0.033644817663069426,-0.015004325728498228
13,5,A,625802.65,603642.459,133555.4440625,0.21341463488928977,0.03541082650017541
13,6,A,69243.82,70514.64850000001,15211.511191406249,0.21968041612098016,-0.018352943977076205
13,7,A,584060.23,613327.501,43369.79125000001,0.07425568292845416,-0.05011002033129358
13,8,A,481326.95999999996,479646.877,11197.619375000002,0.023264060203484142,0.0034905275200043102
13,9,A,521526.23,571621.079,74596.69023437498,0.14303535650426438,-0.09605431767425196
13,10,A,420729.54000000004,425641.896,27317.402343749993,0.06492865308138333,-0.011675801350316402
13,11,A,266801,269359.77499999997,18378.577031250003,0.06888496306704249,-0.009590569141419982
13,12,A,108393.26000000001,114714.95,8565.511074218752,0.07902254323025944,-0.058321797010545205
13,13,A,671287.88,677043.511,23538.370468750007,0.035064494935838866,-0.008574014056011265
13,14,A,330021.54000000004,320836.14099999995,24372.1740625,0.0738502525092756,0.027832726842617617
13,16,A,173504.79,190825.9226,18011.56935546875,0.10381021385904532,-0.09983087104630513
13,17,A,216614.55999999994,212286.262,13109.592890625001,0.06052036802431473,0.019981557694575113
13,18,A,169631.77,123330.56974,47197.856915283206,0.278237130434253,0.27295122927305226
13,19,A,40506.32,47274.706,7445.862314453125,0.18381976724750915,-0.16709457434859856
13,20,A,110324.67000000001,110575.07380000001,13103.958125000003,0.1187763183429418,-0.0022696851540548366
13,21,A,103819.13,106673.0473,4229.2138476562495,0.04073636378629111,-0.027489330144104925
13,22,A,218428.5,213972.57,14249.23109375,0.0652352192765596,0.02039995532004752
13,23,A,384688.33999999997,371595.90700000006,35060.311796875,0.09113952296260137,0.03403386699184851
13,24,A,162865.71,150844.70459999997,31842.914765625,0.1955163844226326,0.0738093053588444
13,25,A,199642.27999999997,190216.33250000002,31331.797343750004,0.15693968904657876,0.04721418713886662
13,26,A,167666.74,165331.5605,9382.1045703125,0.05595686163106947,0.01392749973287785
13,27,A,38002.29,34332.0654,5433.934257812501,0.14298965293440213,0.09657903695573347
13,28,A,15431.960000000001,14013.569650000001,3335.2062255859373,0.21612330679874345,0.0919125177781411
13,29,A,79462.97000000002,80646.6027,5151.2488671875,0.06482577818558127,-0.014895397680989
13,30,A,56219.13000000001,59947.7276,6544.48416015625,0.11641027102618359,-0.06632258498741886
13,31,A,74923.78000000001,72471.4518,16799.084951171873,0.22421566225265024,0.03273097785488632
13,32,A,125738.39,125116.923,6741.9459375,0.05361883460970034,0.004942533238058774
13,33,A,167397.72,155539.4043,25706.3765234375,0.15356467533391432,0.07083917678023031
13,34,A,264104.24,245023.561,24552.987265625,0.09296703175089124,0.07224677442938819
13,35,A,37365.44,40650.6327,4868.069072265625,0.13028266420161586,-0.08792061777833673
13,36,A,9723.920000000002,16280.77356,6556.853620605468,0.6743014772443074,-0.6743014772443074
13,37,A,45315.149999999994,45468.36200000001,2548.4796679687493,0.056239020900708696,-0.0033810285612261913
13,38,A,1166490.72,1166669.3760000002,52495.17281249999,0.045002649324548415,-0.0001531492573725862
13,40,A,1039730.81,1039413.6699999999,26031.653749999998,0.025036916766946627,0.00030501945498758246
13,41,A,48068.95,51611.04780000001,8207.647197265624,0.17074737844836685,-0.07368785062752306
13,42,A,108648.01999999999,112991.964,5275.575566406248,0.04855657347834087,-0.039981817726924516
13,44,A,131213.6,129457.294,3599.070585937505,0.02742909718152314,0.013385091596355148
13,45,A,247.92,987.9666575,768.1003765106202,3.0981783499137636,-2.9850220290950595
13,46,A,514782.6100000001,526193.171,12410.607812499999,0.024108444169277585,-0.02216578736993467
13,48,A,14112,13644.13249,8242.799499511719,0.5840986039903429,0.03315387561478042
13,49,A,117613.43999999999,117899.7947,18306.168281250004,0.15564690805106973,-0.0024347125794042103
13,50,A,26805.5,29000.347700000002,5694.661865234375,0.21244378449327098,-0.08188048766519464
13,52,A,48994.89,53284.347,6197.5483984375005,0.12649377105321596,-0.08754907232098594
13,54,A,349.34000000000003,1583.9276035,1324.6613216400146,3.791897067727757,-3.534057384160535
13,55,A,165653.07,164408.924,18143.107812500002,0.1095247302842018,0.007510553060531879
13,56,A,30984.58,32983.273100000006,6172.5504541015625,0.199213623489541,-0.06450604872321775
13,58,A,141637.97,119108.0528,35043.18771484375,0.24741379528980645,0.15906693490386972
13,59,A,4659.860000000001,5527.73646,1885.3502502441406,0.40459375394199404,-0.18624517038660698
13,60,A,11087.4,11654.01268,1706.2822021484376,0.15389380757873242,-0.051104198938660104
13,67,A,184123.16,182707.42,7897.560937500002,0.04289281662067934,0.007689092877425088
13,71,A,120995.22,123662.095,8372.267480468752,0.06919502671649964,-0.02204114560656819
13,72,A,883560.83,881655.79,73896.58046875,0.08363496655770719,0.0021560992509706126
13,74,A,427791.77,431420.729,29176.956406250003,0.06820364123940487,-0.008483006741223655
13,79,A,696001.9700000001,698208.6710000001,33907.872187500005,0.048718069271413124,-0.003170539696891948
13,80,A,252005.44000000003,253273.73799999998,8556.1959375,0.03395242554089308,-0.005032821042474313
13,81,A,455923.13,475420.3179999999,20541.53359374999,0.04505481788947622,-0.042764196688704945
13,82,A,415478.3199999999,428958.573,18712.687265625,0.04503890182675478,-0.03244514001506745
13,83,A,56666.3,59556.3146,4913.14208984375,0.0867030684876858,-0.05100059367571643
13,85,A,52945.12,55658.6941,5505.405009765625,0.10398323792193927,-0.051252590986253774
13,87,A,251108.5,252703.42999999996,12232.406484375002,0.048713629703395156,-0.0063515637289259415
13,90,A,1615060.48,1706746.851,91686.37156249999,0.05676962113672671,-0.05676962113672671
13,91,A,1078245.87,1104724.649,40921.99968749999,0.03795238250019913,-0.02455725873774969
13,92,A,2302359.44,2312678.31,60654.31812499999,0.026344417414250483,-0.004481875395181561
13,93,A,688053.02,712496.818,33603.370312499996,0.04883834433645825,-0.035526041746753764
13,94,A,1016447.8700000001,1069202.75,56759.91437499999,0.05584144160290285,-0.051901215553730264
13,95,A,1888862.0299999998,2031637.07,142935.02437500004,0.07567255951193008,-0.07558786499880038
13,96,A,130333.17,137077.4695,9045.125039062501,0.06940002333298961,-0.05174662505091758
13,97,A,393403.71,402438.91,15655.97664062501,0.039796209955988995,-0.02296673359568725
13,98,A,191811.89,191796.423,9032.070078125,0.04708816579683876,0.00008064215935726075
14,1,A,302724.91,324193.32,23439.951015624993,0.07742987194421824,-0.07091721774522947
14,2,A,838602.7500000001,906764.1799999999,73905.78937499996,0.08812967686428402,-0.08127975000678207
14,3,A,374198.02,434266.86800000013,60068.8520703125,0.16052691051201312,-0.16052691051201312
14,4,A,563693.12,615272.003,51578.880000000005,0.09150170220278722,-0.09150170220278722
14,5,A,300550.58999999997,312278.196,34979.67242187501,0.11638530612059358,-0.039020410060166585
14,6,A,47613.6,50664.35229999999,9342.883759765627,0.1962230068670638,-0.06407312815922081
14,7,A,439102.56,469612.9190000001,70913.467890625,0.16149636634007555,-0.06948344806250958
14,8,A,583862.39,635938.595,52747.70250000001,0.09034269616167605,-0.08919259853336332
14,9,A,213572.12000000002,236963.98400000003,38942.729374999995,0.18233994856163807,-0.10952676043050465
14,10,A,203503.69,229153.37399999998,27182.719335937494,0.13357359434581995,-0.12604038788405997
14,11,A,198558.17,213514.45200000002,30128.837578124996,0.15173809054608528,-0.07532443098098153
14,12,A,61199.6,63428.49549999999,5119.430410156249,0.0836513704363468,-0.03642010087433171
14,13,A,679994.3,720304.58,40965.15687500001,0.06024338273864943,-0.05928031768060409
14,14,A,245882.95,266606.038,24681.869609375,0.10038056566905107,-0.08428029316133956
14,16,A,148869.98999999996,183405.5022,35858.94633789063,0.24087424428449708,-0.23198439222297682
14,17,A,249795.04,262443.07899999997,23790.696484375,0.09524086821089402,-0.050633671822006565
14,18,A,107320.89,93456.78386,21665.120138549803,0.20187234879015448,0.12918367064378622
14,19,A,24241.729999999996,22391.450100000002,4236.659550781251,0.1747672113657421,0.07632623780679539
14,20,A,117395.56,126848.17959999999,12752.134589843752,0.10862535678388308,-0.08051940935708089
14,21,A,87954.78,94118.85790000002,8839.41001953125,0.10049948416142078,-0.0700823415577158
14,22,A,201760.5,213949.4485,25931.165078124995,0.1285244885799004,-0.06041296100450782
14,23,A,372403.95999999996,392639.818,34756.541874999995,0.09333021559437767,-0.05433846705738578
14,24,A,117818.39999999998,120017.56100000002,18988.263320312497,0.1611655167640411,-0.018665688240864783
14,25,A,149297.27000000002,163583.3,15609.457343750002,0.10455286519137288,-0.09568847995763753
14,26,A,144545.66999999998,139871.4227,18693.858144531252,0.12932838558589305,0.03233751406540749
14,27,A,28471.51,26154.569000000003,3744.8944433593747,0.13153129016899262,0.08137752976023224
14,28,A,12170.440000000002,9334.10081,3056.169157104492,0.2511141057434646,0.23305148323544012
14,29,A,97498.77999999998,101734.22129999999,7764.333359374999,0.07963518476205549,-0.0434409610368971
14,30,A,64211.700000000004,68459.24829999999,5369.080410156249,0.08361529768182821,-0.06614913691984872
14,31,A,57690,62754.322,7929.483564453125,0.13744987977904533,-0.08778509310945358
14,32,A,106145.76,116072.3838,14299.814355468752,0.1347186581495931,-0.09351881086824619
14,33,A,127093.40000000001,127571.58249999999,15841.32279296875,0.1246431584407117,-0.003762434291680387
14,34,A,273223.27,270504.75500000006,13459.182578125005,0.04926074773252294,0.0099497899305026
14,35,A,41959.12999999999,43628.1631,4113.67177734375,0.09803996835358005,-0.039777590382295835
14,36,A,16385.46,15733.28832,4793.286408691406,0.29253291690873534,0.03980185670448261
14,38,A,1080610.5100000002,1138969.235,101369.57437499998,0.09380768874346776,-0.05400532739127251
14,40,A,893586.04,866686.8650000001,148027.70453125003,0.16565579351625728,0.030102503300913235
14,41,A,52062.799999999996,52438.42940000001,8494.207934570311,0.1631531138273453,-0.007214922692372242
14,42,A,84054.60999999999,91894.2252,8833.9740625,0.10509803165465881,-0.09326812159306314
14,44,A,60022.97,58687.8802,4622.607421875,0.07701397351505598,0.02224297846151647
14,46,A,332175.9,354303.912,26026.465703125,0.07835145687307538,-0.06661534478983874
14,49,A,151378.60000000003,148255.16249999998,21973.701406250002,0.14515725080196273,0.020633272718204552
14,50,A,23719,23151.502999999993,4961.2376708984375,0.20916723600904075,0.023925837861722143
14,51,A,56.82000000000001,579.058228,547.5182313537598,9.636012519425549,-9.191098756665957
14,52,A,25380.57,26240.598499999996,5475.5865625,0.2157393061897349,-0.03388530630603943
14,54,A,214.24,203.08066,359.48065795898435,1.6779343631393966,0.05208804164028948
14,55,A,122586.29,132694.88060000003,20475.1754296875,0.16702663429725706,-0.0824610228384838
14,56,A,19904.719999999994,23023.637699999996,5298.262626953125,0.2661812186734165,-0.15669235493751615
14,58,A,180649,126406.81420000001,74487.7685546875,0.412334242396512,0.30026286624026427
14,59,A,3199.9299999999994,1561.561786,2040.072563858032,0.6375366223192483,0.5120012613345452
14,60,A,3915,2171.3324300000004,2484.484350204468,0.6346064751480122,0.44538124591150197
14,67,A,130286.25,132569.2365,6753.276796875002,0.0518341482456898,-0.017522834335933383
14,71,A,102927.90999999999,106296.5073,15060.23443359375,0.14631827687547286,-0.032727734627262424
14,72,A,937235.0000000001,968315.398,183640.46953125,0.1959385527975908,-0.03316179456726434
14,74,A,261521.54,304718.76900000003,43532.05507812499,0.16645686270478902,-0.16517655707489712
14,79,A,409067.05000000005,440374.34099999996,42121.96070312499,0.10297079831564285,-0.076533389552214
14,80,A,388072.66000000003,439425.549,51352.886875000004,0.13232802041504288,-0.13232802041504288
14,81,A,414358.35000000003,467141.665,53714.786875,0.12963365375646466,-0.127385665240003
14,82,A,292100.21,323114.316,49829.30984375,0.17058977754158408,-0.10617625508126134
14,83,A,112724.15,115517.86570000001,13609.530761718748,0.12073305287038091,-0.024783648602861478
14,85,A,23954.379999999997,23928.981,2830.2937890624994,0.11815349798502402,0.0010603089275844097
14,87,A,235293.52000000002,235599.316,25756.45695312501,0.10946522009244032,-0.001299629726840762
14,90,A,1175777.7500000002,1280745.7190000003,107657.7459375,0.09156300664602642,-0.08927534216181585
14,91,A,967393.0499999999,1018502.972,67078.65187499998,0.06933960490516237,-0.05283262966381657
14,92,A,2021135.19,2170730.72,206864.32312500005,0.1023505622723832,-0.0740156052475639
14,93,A,648494.7,721051.3620000001,77320.2878125,0.11923040822461618,-0.11188474969417636
14,94,A,657262.88,710781.9330000001,53519.05359375001,0.08142716593663407,-0.08142716593663407
14,95,A,1502021.79,1594692.2740000002,111166.00812500001,0.07401091573045689,-0.06169716835466149
14,97,A,273997.54,307036.856,38261.0053125,0.13963995922189668,-0.12058252591884587
14,98,A,181142.79,200913.288,20743.805039062503,0.1145163163218503,-0.10914317947218605
15,1,B,153686.23000000004,153192.88799999998,6010.286523437497,0.03910751485957782,0.00321006185581819
15,2,B,323436.76,335291.30299999996,14301.492890624995,0.0442172772526691,-0.03665181018501113
15,3,B,216863.56999999995,215314.56409999996,24080.077324218757,0.11103790887616008,0.007142771889804959
15,4,B,174843.54,179021.39300000004,6326.100234375002,0.03618149251825376,-0.023894806626112697
15,5,B,156156.52,153321.7495,27689.270585937502,0.17731741579498253,0.018153394917884296
15,6,B,29469.549999999996,32129.7278,6315.005302734375,0.21428916636780596,-0.09026869372634211
15,7,B,204779.59,204341.8355,16925.9362109375,0.08265441009495868,0.0021376888148985146
15,8,B,267482.50000000006,264807,9539.322890625,0.035663353268438114,0.010002516227697137
15,9,B,221873.13999999998,224915.48799999995,24696.7841796875,0.1113103829498582,-0.013712111604913063
15,10,B,139888.13999999998,144233.696,6277.575156250001,0.04487567821153388,-0.031064501340142183
15,11,B,141293.85,147834.97299999997,14289.777109375005,0.101135166954365,-0.04629446119735573
15,12,B,50514.95,51401.280300000006,2927.8137890625,0.057959352410771464,-0.01754590024215603
15,13,B,246944.59,250267.27799999996,9837.473203124991,0.03983676339346001,-0.013455201820274713
15,14,B,134358.68,137585.057,11657.661640625001,0.0867652290170237,-0.02401316119379114
15,16,B,111441.88000000002,124308.3918,16178.778125,0.14517682333607435,-0.11545491316303168
15,17,B,141242.68999999997,140804.73200000002,10475.6360546875,0.07416763341655064,0.003100738180237876
15,18,B,23700.46,26532.93558,8090.354954223633,0.3413585624170853,-0.1195114210309219
15,19,B,14247.96,14036.17642,2913.3636352539065,0.2044758432262518,0.01486413980903887
15,20,B,54732.07000000001,56022.918900000004,3669.4680273437502,0.06704420328600307,-0.023584882384199073
15,21,B,36994.32,36098.68949999999,4128.23267578125,0.11159098682666015,0.02420994755073212
15,22,B,108383.53,103481.61149999998,10080.251992187501,0.0930053855247887,0.0452275146907699
15,23,B,246274.15000000002,245825.89700000003,20812.031328125006,0.08450757551340651,0.0018201403420740427
15,24,B,72318.93000000001,70899.6425,10675.190537109374,0.14761267260327793,0.019625389614232058
15,25,B,105783.09999999999,107309.78359999998,11404.043242187501,0.10780590890404518,-0.01443220328318039
15,26,B,62773.090000000004,61168.80989999999,10634.771611328124,0.16941609233077617,0.025556806224858855
15,27,B,18803.399999999998,17745.8345,2930.625849609375,0.15585616694902918,0.056243313833867846
15,28,B,7410.649999999999,6245.21116,1420.7242626953125,0.19171385272483693,0.15726539755073782
